c_custkey,c_name,c_acctbal,revenue
2995,Customer#000002995,9257.26,980020.3183
2344,Customer#000002344,5597.22,970391.9699
1954,Customer#000001954,7575.28,787205.7432
6250,Customer#000006250,5926.27,775003.9575
4252,Customer#000004252,3349.65,767568.2111
5518,Customer#000005518,1161.0,742745.9843
4645,Customer#000004645,-514.38,733866.7952
3880,Customer#000003880,544.13,694015.8747
6139,Customer#000006139,9119.98,671194.0304
4573,Customer#000004573,3119.3,667379.0305
1228,Customer#000001228,5392.3,656366.1074
1663,Customer#000001663,4085.85,640536.4633
3193,Customer#000003193,3931.74,631793.9295
6277,Customer#000006277,2907.96,603975.1583
6589,Customer#000006589,7820.61,603390.0122
4064,Customer#000004064,-740.34,598259.0185
1630,Customer#000001630,214.28,586905.52
5218,Customer#000005218,8430.75,582274.7813
55,Customer#000000055,4572.11,572241.7339
5923,Customer#000005923,-412.47,567086.8504
7177,Customer#000007177,228.66,564971.4508
3721,Customer#000003721,5448.58,555982.3422
3989,Customer#000003989,7872.31,550368.0162
983,Customer#000000983,2902.95,543858.39
6673,Customer#000006673,751.9,542251.2005
5516,Customer#000005516,2347.87,541809.2354
286,Customer#000000286,-109.73,541359.722
1507,Customer#000001507,5801.76,540572.2006
1816,Customer#000001816,2328.09,537225.5555
1771,Customer#000001771,3151.21,529896.4562
2728,Customer#000002728,9010.91,529575.9468
5506,Customer#000005506,2345.69,529508.8706
5755,Customer#000005755,9605.25,528399.1001
1357,Customer#000001357,8627.9,525309.7012
1402,Customer#000001402,4396.25,523686.0308
5704,Customer#000005704,7192.09,522912.6709
2266,Customer#000002266,9955.96,520769.5756
5192,Customer#000005192,6513.0,518540.2841
1901,Customer#000001901,2749.93,517551.1703
4181,Customer#000004181,6274.22,516798.849
2485,Customer#000002485,6320.04,513738.2157
6235,Customer#000006235,6718.32,513145.7342
5134,Customer#000005134,4060.64,512717.897
3058,Customer#000003058,7335.91,511551.3642
562,Customer#000000562,9234.5,511053.761
5150,Customer#000005150,2084.77,510366.3689
3929,Customer#000003929,7815.4,509644.8836
4285,Customer#000004285,3222.88,507261.1913
1657,Customer#000001657,9376.24,503685.0042
727,Customer#000000727,807.37,502525.7642
1336,Customer#000001336,1490.21,502111.296
3596,Customer#000003596,7082.75,498797.5223
5590,Customer#000005590,7961.52,496576.8111
871,Customer#000000871,-395.89,496483.1363
953,Customer#000000953,6292.06,495114.3311
5801,Customer#000005801,9444.79,493619.0552
2176,Customer#000002176,6100.14,489706.2086
1693,Customer#000001693,2747.22,487799.6047
4274,Customer#000004274,3156.48,487032.1103
5101,Customer#000005101,5665.91,485978.1337
6427,Customer#000006427,7907.55,483381.964
4760,Customer#000004760,8588.24,483029.4644
2923,Customer#000002923,8858.53,479989.523
7411,Customer#000007411,8985.86,477908.4801
3784,Customer#000003784,9925.15,477321.1125
5686,Customer#000005686,9148.89,477051.8446
6337,Customer#000006337,5610.32,475139.8378
764,Customer#000000764,2061.45,475099.3566
886,Customer#000000886,1194.33,474694.3045
4699,Customer#000004699,949.25,474425.0047
4121,Customer#000004121,667.03,473763.4352
6946,Customer#000006946,6626.82,472599.7566
1552,Customer#000001552,956.02,472486.6444
34,Customer#000000034,8589.7,471692.1308
91,Customer#000000091,4643.14,470784.4987
1177,Customer#000001177,9281.72,468622.5155
5999,Customer#000005999,3272.37,468534.5125
3241,Customer#000003241,-459.17,464940.7583
5470,Customer#000005470,7336.39,461409.8075
2107,Customer#000002107,1229.95,459583.5856
6559,Customer#000006559,314.77,458886.362
947,Customer#000000947,4092.24,458515.0639
7166,Customer#000007166,8070.1,455537.2745
4633,Customer#000004633,8181.96,454368.8995
7003,Customer#000007003,4475.71,451410.0423
1570,Customer#000001570,2106.52,450378.1073
2338,Customer#000002338,2239.89,447176.2984
2764,Customer#000002764,4131.16,446129.5725
2791,Customer#000002791,1382.12,446056.6459
2566,Customer#000002566,-574.84,446038.7834
1453,Customer#000001453,662.67,445515.7699
5710,Customer#000005710,1059.96,444915.0326
349,Customer#000000349,-565.35,444282.8018
4402,Customer#000004402,7978.88,442957.4615
436,Customer#000000436,5896.87,442143.8319
4492,Customer#000004492,5510.02,440939.5903
1694,Customer#000001694,3535.57,438717.3663
323,Customer#000000323,1137.67,437749.2177
313,Customer#000000313,6115.81,436651.1181
3229,Customer#000003229,3404.99,435511.9958
2215,Customer#000002215,5712.3,435262.5518
3755,Customer#000003755,8654.39,432757.005
6343,Customer#000006343,3104.63,431744.9
6859,Customer#000006859,8452.75,429560.2101
3724,Customer#000003724,1340.14,428108.7046
481,Customer#000000481,7157.21,427277.6933
4957,Customer#000004957,7110.02,427092.1585
4930,Customer#000004930,8784.32,427075.4448
6286,Customer#000006286,3895.62,427067.8528
5608,Customer#000005608,5523.45,425143.426
614,Customer#000000614,9630.24,419616.8078
4336,Customer#000004336,192.69,419429.3295
5392,Customer#000005392,8458.3,417568.2456
4357,Customer#000004357,8408.61,417524.1189
2569,Customer#000002569,6003.93,416951.5985
3733,Customer#000003733,1530.63,415998.9498
4471,Customer#000004471,7671.86,415041.4198
7324,Customer#000007324,8013.98,414894.9106
4972,Customer#000004972,7915.0,414820.6574
6736,Customer#000006736,8363.54,414646.342
848,Customer#000000848,5685.59,414225.0965
7102,Customer#000007102,7247.27,413660.0033
1184,Customer#000001184,9032.89,412120.5496
2194,Customer#000002194,3325.24,411929.3037
4552,Customer#000004552,2264.61,410683.1889
250,Customer#000000250,2869.97,410221.3073
1324,Customer#000001324,7548.88,409327.2721
7387,Customer#000007387,7338.63,408553.0589
4726,Customer#000004726,306.35,406744.6777
4375,Customer#000004375,2800.44,406595.6334
796,Customer#000000796,2584.23,406531.8672
5093,Customer#000005093,2795.88,405907.7128
5248,Customer#000005248,3824.87,405332.5476
2207,Customer#000002207,6471.89,403338.8511
58,Customer#000000058,6478.46,403049.087
1916,Customer#000001916,1768.76,401911.7166
6043,Customer#000006043,2143.97,401506.8844
3253,Customer#000003253,3880.79,401418.0642
3637,Customer#000003637,3762.84,401154.4548
4018,Customer#000004018,9727.53,401015.2755
5464,Customer#000005464,7631.19,400895.3693
1846,Customer#000001846,7115.8,398227.6708
2020,Customer#000002020,5681.87,396397.3334
6929,Customer#000006929,3000.98,395737.4623
2906,Customer#000002906,2393.98,395418.015
4816,Customer#000004816,9354.24,395018.6881
7432,Customer#000007432,9355.7,394423.2893
5971,Customer#000005971,4310.17,394256.6999
3526,Customer#000003526,1372.79,392183.1305
670,Customer#000000670,6738.93,390834.4442
3403,Customer#000003403,6136.61,389874.7639
2071,Customer#000002071,-455.22,389459.3614
3425,Customer#000003425,6634.91,389361.7289
1237,Customer#000001237,8156.62,387126.0666
2197,Customer#000002197,8458.37,386984.6955
3683,Customer#000003683,6876.64,386170.4857
445,Customer#000000445,8018.81,385821.022
2860,Customer#000002860,135.18,385520.3794
2629,Customer#000002629,700.15,384681.4125
4507,Customer#000004507,-454.62,384378.464
833,Customer#000000833,-526.14,383728.1823
1321,Customer#000001321,3589.49,383083.0474
2515,Customer#000002515,2844.87,382074.7049
1537,Customer#000001537,4000.55,381769.5515
5780,Customer#000005780,427.44,379717.1362
6053,Customer#000006053,7102.91,378934.4822
3520,Customer#000003520,2711.73,378783.2972
3289,Customer#000003289,2550.47,377710.9454
7232,Customer#000007232,8470.87,377658.978
4094,Customer#000004094,-208.93,377413.3746
656,Customer#000000656,-390.09,376986.5334
2095,Customer#000002095,-774.65,376392.5124
1420,Customer#000001420,-932.09,376027.3209
4738,Customer#000004738,6764.16,374766.063
3772,Customer#000003772,7463.88,374480.7067
1222,Customer#000001222,3883.18,374039.177
2134,Customer#000002134,6300.38,373306.7502
5125,Customer#000005125,6109.06,373101.3372
7363,Customer#000007363,-558.51,371310.2881
1468,Customer#000001468,3826.52,370855.2172
5585,Customer#000005585,848.48,370601.5174
5107,Customer#000005107,3503.51,370459.2072
6002,Customer#000006002,4400.25,370384.0294
1060,Customer#000001060,2840.59,369714.492
1111,Customer#000001111,2892.21,367726.4281
5722,Customer#000005722,559.2,367707.9029
4025,Customer#000004025,7199.13,367104.2367
1303,Customer#000001303,2020.15,367061.6744
4124,Customer#000004124,7495.2,366889.1295
997,Customer#000000997,367.03,366556.5823
5389,Customer#000005389,8319.55,366013.2631
6065,Customer#000006065,7191.82,365163.0704
4987,Customer#000004987,6887.68,365107.9154
7297,Customer#000007297,392.88,364578.9717
6896,Customer#000006896,4576.31,363639.2214
5057,Customer#000005057,1167.32,363320.3029
5008,Customer#000005008,5366.49,363233.2795
5855,Customer#000005855,7835.6,361571.8593
1586,Customer#000001586,-808.05,361146.7885
3883,Customer#000003883,8902.29,361044.9592
2456,Customer#000002456,1086.59,360767.2102
7210,Customer#000007210,680.74,360585.2347
163,Customer#000000163,2948.61,360548.811
5965,Customer#000005965,9149.98,360078.0969
4177,Customer#000004177,-726.27,360060.0848
4144,Customer#000004144,9196.03,359561.7855
3191,Customer#000003191,4314.25,359052.0303
7009,Customer#000007009,7986.9,358472.398
4466,Customer#000004466,6163.61,357872.043
2879,Customer#000002879,4883.3,356951.3482
5354,Customer#000005354,2054.93,356202.3586
5405,Customer#000005405,6236.26,355986.1623
52,Customer#000000052,5630.28,355880.6865
2758,Customer#000002758,7709.72,354561.0139
7015,Customer#000007015,5717.6,354093.3815
1171,Customer#000001171,7658.97,354083.5573
2206,Customer#000002206,9086.77,353873.0162
3445,Customer#000003445,-844.35,352407.3676
4531,Customer#000004531,3078.68,351866.5214
3185,Customer#000003185,4855.83,350138.2822
2908,Customer#000002908,-553.87,349027.472
760,Customer#000000760,2883.24,348549.5261
3451,Customer#000003451,1720.73,348249.7248
5918,Customer#000005918,6395.1,348212.6183
4960,Customer#000004960,1933.99,347805.8857
4613,Customer#000004613,8323.1,347505.2882
2743,Customer#000002743,8546.95,346766.6338
3202,Customer#000003202,-95.34,345237.9604
685,Customer#000000685,2039.84,345193.9774
3934,Customer#000003934,8090.13,342810.0885
2251,Customer#000002251,7584.23,342726.4134
1685,Customer#000001685,5621.33,341875.9922
4411,Customer#000004411,2779.66,341677.876
295,Customer#000000295,9497.89,341634.7538
4231,Customer#000004231,9280.84,341547.913
5956,Customer#000005956,8668.13,340770.492
4408,Customer#000004408,6355.87,340242.8376
1399,Customer#000001399,7352.14,340193.8718
3242,Customer#000003242,2601.03,339083.6183
3250,Customer#000003250,6404.83,338514.9433
3805,Customer#000003805,8766.26,338176.2514
961,Customer#000000961,6963.68,337462.9028
3203,Customer#000003203,1621.43,337229.3428
4135,Customer#000004135,4768.22,335906.9728
2521,Customer#000002521,6030.94,335295.4692
7190,Customer#000007190,8604.25,334232.3345
1933,Customer#000001933,4003.1,334029.5083
740,Customer#000000740,1733.76,333928.3159
3874,Customer#000003874,3488.07,333910.7685
76,Customer#000000076,5745.33,333848.1512
3325,Customer#000003325,3736.71,333011.7555
1919,Customer#000001919,6262.18,332542.2652
3661,Customer#000003661,8121.42,331860.3126
1612,Customer#000001612,2613.29,331673.5531
2075,Customer#000002075,6872.54,331041.8247
2488,Customer#000002488,5319.8,329939.0548
3868,Customer#000003868,1068.91,328964.2562
6484,Customer#000006484,2438.45,327901.494
3386,Customer#000003386,9785.67,327676.5945
3355,Customer#000003355,8251.89,326928.7407
2228,Customer#000002228,6160.82,326100.5173
1805,Customer#000001805,-274.75,325461.3558
5531,Customer#000005531,7798.77,324382.9508
2384,Customer#000002384,7800.36,323869.0598
748,Customer#000000748,6959.09,323593.8837
7010,Customer#000007010,882.97,323406.0242
6940,Customer#000006940,8105.71,323196.2855
7060,Customer#000007060,5281.0,322439.3663
5902,Customer#000005902,-139.53,322314.1967
4171,Customer#000004171,-680.11,321844.3723
658,Customer#000000658,4716.68,321469.0662
466,Customer#000000466,3168.41,321221.5753
7333,Customer#000007333,1498.28,320688.9784
6712,Customer#000006712,3268.82,320143.4882
5398,Customer#000005398,5601.73,319630.767
5567,Customer#000005567,1953.48,319162.8192
2707,Customer#000002707,-333.85,317566.6397
6781,Customer#000006781,-21.79,317446.3576
5836,Customer#000005836,5148.64,316918.7376
3628,Customer#000003628,1137.41,316646.1678
6409,Customer#000006409,-451.44,316325.2644
1697,Customer#000001697,-913.24,315881.0208
5630,Customer#000005630,2821.06,315657.7577
7133,Customer#000007133,4840.72,315490.9865
626,Customer#000000626,5447.12,314666.4771
4495,Customer#000004495,1797.45,314651.0424
7001,Customer#000007001,7244.43,314575.9198
916,Customer#000000916,130.59,314197.0874
238,Customer#000000238,3482.32,313367.2071
1105,Customer#000001105,9491.46,313127.7901
298,Customer#000000298,3812.84,313000.7203
5065,Customer#000005065,4177.79,312885.5889
3508,Customer#000003508,1828.51,312643.081
2701,Customer#000002701,9968.15,312273.5565
5066,Customer#000005066,1090.19,311907.8101
3524,Customer#000003524,7735.59,311301.1078
1855,Customer#000001855,9936.71,311215.4621
1714,Customer#000001714,8569.5,310338.4258
1753,Customer#000001753,5787.81,310242.9829
4330,Customer#000004330,4380.62,310192.4854
3970,Customer#000003970,-850.41,310002.2916
1300,Customer#000001300,-370.44,309593.005
4873,Customer#000004873,8387.59,309583.5753
3337,Customer#000003337,2376.48,309305.4148
1445,Customer#000001445,8367.94,309056.8644
1052,Customer#000001052,2837.96,308678.6625
1225,Customer#000001225,8634.92,307113.0471
1645,Customer#000001645,7085.79,306979.8525
6448,Customer#000006448,3677.31,306936.0859
1057,Customer#000001057,-377.11,306934.0423
280,Customer#000000280,3952.84,306624.1494
1679,Customer#000001679,5172.53,306322.816
6169,Customer#000006169,-681.05,305221.8402
2588,Customer#000002588,-926.6,305036.4858
3857,Customer#000003857,9467.38,304849.8837
4054,Customer#000004054,2552.9,303681.1106
2015,Customer#000002015,7793.53,303625.5931
812,Customer#000000812,3428.67,303528.5508
4000,Customer#000004000,3634.2,303477.9141
4844,Customer#000004844,6609.94,301773.8542
4096,Customer#000004096,2858.85,301547.311
5245,Customer#000005245,544.88,301463.9215
7187,Customer#000007187,-874.26,301457.6446
1979,Customer#000001979,631.63,300982.2796
3802,Customer#000003802,4164.93,300871.363
4598,Customer#000004598,1723.85,300564.2388
1828,Customer#000001828,6673.46,300223.3393
5908,Customer#000005908,5510.38,300089.0875
5521,Customer#000005521,4846.36,300054.4654
3079,Customer#000003079,9592.43,299866.961
2147,Customer#000002147,5571.7,299148.0622
2725,Customer#000002725,3206.75,298982.1503
6634,Customer#000006634,5261.3,298436.2752
29,Customer#000000029,7618.27,298379.2762
3517,Customer#000003517,5933.79,297459.4246
985,Customer#000000985,2701.21,297382.1989
6361,Customer#000006361,-780.01,297242.5953
6745,Customer#000006745,5454.54,297026.6647
5818,Customer#000005818,1736.14,296113.3361
6374,Customer#000006374,3388.38,296014.0823
5720,Customer#000005720,556.56,295282.4877
4696,Customer#000004696,1614.2,294904.5125
6757,Customer#000006757,227.89,294857.7402
2632,Customer#000002632,5618.72,293289.646
602,Customer#000000602,8404.9,292930.7635
4802,Customer#000004802,3184.08,292128.2987
7418,Customer#000007418,8542.02,291919.0734
4078,Customer#000004078,1385.18,291607.6502
5963,Customer#000005963,6607.48,291597.1701
3256,Customer#000003256,1908.33,290782.6547
167,Customer#000000167,1468.09,290679.4306
7405,Customer#000007405,1920.09,290348.0137
4061,Customer#000004061,9260.21,289617.5874
5555,Customer#000005555,2979.03,289487.8856
4439,Customer#000004439,964.24,289435.7276
6058,Customer#000006058,1401.74,289307.2932
1429,Customer#000001429,6444.82,289142.0905
1565,Customer#000001565,1820.03,288813.07
1436,Customer#000001436,9158.91,288287.1271
5692,Customer#000005692,6064.86,287488.3709
4657,Customer#000004657,5226.19,287336.924
5654,Customer#000005654,208.49,286843.8368
4057,Customer#000004057,3344.58,286461.2743
7240,Customer#000007240,9773.02,285933.6978
1138,Customer#000001138,6035.44,285059.9828
5779,Customer#000005779,-855.27,284746.0007
5446,Customer#000005446,885.97,284668.9448
2848,Customer#000002848,1936.19,284354.9873
3368,Customer#000003368,6964.73,284296.1966
2938,Customer#000002938,7912.04,284148.7218
6055,Customer#000006055,-631.98,284115.2323
5558,Customer#000005558,5440.38,283747.7165
3391,Customer#000003391,7742.35,283673.3645
3847,Customer#000003847,511.93,283609.3908
7456,Customer#000007456,2926.44,283335.1089
2795,Customer#000002795,9552.46,283040.5194
2809,Customer#000002809,974.72,283011.6333
7474,Customer#000007474,5749.34,282216.2423
2974,Customer#000002974,3041.18,282137.2774
197,Customer#000000197,9860.22,281907.3407
7361,Customer#000007361,6926.4,281633.971
2434,Customer#000002434,1781.14,281416.7888
7208,Customer#000007208,8328.84,281410.1781
6110,Customer#000006110,-888.62,281161.9078
5548,Customer#000005548,8875.4,281130.9092
3613,Customer#000003613,5170.91,281095.3997
6871,Customer#000006871,6002.37,281023.6649
5267,Customer#000005267,8931.26,280929.4086
7175,Customer#000007175,2855.75,280823.0374
6505,Customer#000006505,1320.29,280724.7869
2666,Customer#000002666,6272.47,280605.4206
4396,Customer#000004396,3572.01,280524.1062
6214,Customer#000006214,6202.9,280103.9024
5161,Customer#000005161,3883.49,280012.9514
895,Customer#000000895,904.43,279969.062
5467,Customer#000005467,2057.47,279906.2466
6622,Customer#000006622,8847.45,279622.2079
544,Customer#000000544,4974.68,279320.4715
7138,Customer#000007138,1338.75,279164.1918
4063,Customer#000004063,7171.97,279056.4335
1355,Customer#000001355,2351.1,279045.6694
2836,Customer#000002836,6779.88,279025.7571
7228,Customer#000007228,4550.08,278720.2084
592,Customer#000000592,9712.75,278631.2378
6568,Customer#000006568,4514.95,278296.7929
1075,Customer#000001075,2714.5,278181.0855
4211,Customer#000004211,8794.53,278152.599
2431,Customer#000002431,937.87,277689.924
1108,Customer#000001108,4997.35,277459.5318
205,Customer#000000205,7161.52,277008.7991
839,Customer#000000839,2924.78,276989.8095
7018,Customer#000007018,7941.73,276744.8926
2963,Customer#000002963,7119.34,276738.3886
4618,Customer#000004618,5031.34,276630.2025
130,Customer#000000130,5073.58,276376.5201
6451,Customer#000006451,5307.46,275264.7229
4655,Customer#000004655,-739.19,275052.524
4567,Customer#000004567,2634.54,274584.1538
3959,Customer#000003959,6088.56,274583.8326
2560,Customer#000002560,6975.1,274396.1901
3584,Customer#000003584,5038.83,274141.567
3014,Customer#000003014,6795.09,273892.9785
2323,Customer#000002323,7996.27,273553.8067
2680,Customer#000002680,1142.86,273395.0829
4540,Customer#000004540,5021.71,271647.2855
3419,Customer#000003419,2143.39,271579.5563
2110,Customer#000002110,5462.99,271339.6781
5048,Customer#000005048,4174.81,271245.4548
3623,Customer#000003623,3824.3,271223.8204
1549,Customer#000001549,7050.56,271216.5336
4112,Customer#000004112,7766.94,270792.4486
4384,Customer#000004384,8380.17,270780.0552
3490,Customer#000003490,2393.87,270365.236
3766,Customer#000003766,5765.45,270277.6885
2966,Customer#000002966,6081.88,270125.6028
568,Customer#000000568,1317.56,270063.3314
5240,Customer#000005240,-586.78,270050.435
2237,Customer#000002237,5158.72,269704.7944
2944,Customer#000002944,7205.95,269518.0912
1408,Customer#000001408,5920.09,269303.7739
6223,Customer#000006223,644.72,268995.2557
2296,Customer#000002296,9660.03,268596.5631
5314,Customer#000005314,2068.31,268582.0519
6769,Customer#000006769,1029.38,268162.9126
7183,Customer#000007183,3452.71,267953.1888
1351,Customer#000001351,3106.0,267086.4874
290,Customer#000000290,1811.35,266958.0161
5869,Customer#000005869,-222.94,266863.8943
5266,Customer#000005266,796.51,266189.5855
2816,Customer#000002816,8942.6,266167.1862
5986,Customer#000005986,2022.48,266013.2358
1538,Customer#000001538,3245.69,265740.9957
6824,Customer#000006824,4911.6,265609.0396
2803,Customer#000002803,6519.74,265418.4454
4900,Customer#000004900,7197.89,265247.693
3757,Customer#000003757,6263.68,265051.823
3961,Customer#000003961,2966.3,264998.6437
89,Customer#000000089,1530.76,264997.4405
1654,Customer#000001654,1522.54,264961.8659
1946,Customer#000001946,7851.87,264704.8214
1904,Customer#000001904,9913.42,264683.4231
3503,Customer#000003503,793.84,264538.2534
3304,Customer#000003304,6671.05,264489.3571
3082,Customer#000003082,1459.59,264216.1652
4756,Customer#000004756,2944.76,264113.6513
3875,Customer#000003875,3051.83,263981.8546
74,Customer#000000074,2764.43,263592.4592
6406,Customer#000006406,3830.68,263462.0494
6482,Customer#000006482,6111.54,263459.4842
1219,Customer#000001219,774.23,263144.5857
2492,Customer#000002492,6060.96,262989.738
3703,Customer#000003703,3731.54,262984.6606
7139,Customer#000007139,3340.24,262918.3373
3710,Customer#000003710,3969.56,262871.4278
6610,Customer#000006610,7884.2,262381.9516
2146,Customer#000002146,1609.84,262175.581
5941,Customer#000005941,-619.0,261808.4724
151,Customer#000000151,5187.02,261690.5194
2681,Customer#000002681,-37.03,261647.2844
6739,Customer#000006739,2838.35,261553.5796
4993,Customer#000004993,530.81,260542.3495
4772,Customer#000004772,9596.15,260527.4634
1732,Customer#000001732,8512.55,260335.2247
4918,Customer#000004918,478.62,260006.2645
5854,Customer#000005854,7552.73,259932.5282
6301,Customer#000006301,7399.19,259678.3164
2576,Customer#000002576,4190.53,259381.4969
3175,Customer#000003175,5283.98,259264.044
4036,Customer#000004036,6017.64,259246.3432
4996,Customer#000004996,1413.38,259234.4192
5903,Customer#000005903,6783.08,258926.4002
3406,Customer#000003406,5859.41,258676.4213
6259,Customer#000006259,1723.42,258199.991
2642,Customer#000002642,2418.01,257961.9695
1972,Customer#000001972,689.12,257093.5484
139,Customer#000000139,7897.78,257053.7205
5197,Customer#000005197,6474.55,256812.7759
3550,Customer#000003550,9902.62,256167.6714
4561,Customer#000004561,9039.79,255982.5576
2726,Customer#000002726,4754.3,255355.47
200,Customer#000000200,9967.6,254732.3082
569,Customer#000000569,-795.23,254647.559
6913,Customer#000006913,6237.26,254627.9328
2293,Customer#000002293,2244.2,254615.6305
2905,Customer#000002905,8555.09,254551.0798
7276,Customer#000007276,9602.09,254398.9172
4075,Customer#000004075,8784.97,254321.5377
226,Customer#000000226,9008.61,254278.511
6266,Customer#000006266,1468.66,253477.7405
2386,Customer#000002386,8118.63,253376.4181
3395,Customer#000003395,6808.6,253349.702
1364,Customer#000001364,-181.69,253222.8954
7480,Customer#000007480,6001.95,252876.4528
6101,Customer#000006101,2651.06,252559.8926
6982,Customer#000006982,7891.67,252242.0674
2644,Customer#000002644,3622.16,251889.0701
4658,Customer#000004658,-435.95,251464.3587
5653,Customer#000005653,9645.33,251104.5935
712,Customer#000000712,8667.09,250652.8184
4264,Customer#000004264,-228.13,250651.9406
3022,Customer#000003022,8093.14,250595.4492
13,Customer#000000013,3857.34,249145.018
6977,Customer#000006977,3164.56,248948.9884
4120,Customer#000004120,932.81,248850.6704
1378,Customer#000001378,2675.73,247968.1217
7357,Customer#000007357,297.92,247852.7682
1880,Customer#000001880,8247.29,247670.8021
3595,Customer#000003595,3844.36,247205.6264
1117,Customer#000001117,2829.07,247172.8372
3046,Customer#000003046,3470.62,247035.3388
6851,Customer#000006851,6230.56,246929.6585
5234,Customer#000005234,3689.51,246635.1174
5209,Customer#000005209,6385.11,246599.2494
5327,Customer#000005327,127.66,246520.4047
137,Customer#000000137,7838.3,246461.0194
1106,Customer#000001106,9977.62,245569.8877
2810,Customer#000002810,1071.84,245404.8542
3394,Customer#000003394,2236.26,245064.7188
2552,Customer#000002552,1070.45,245023.8293
4300,Customer#000004300,1262.37,245001.9768
3485,Customer#000003485,4001.27,244929.4351
6928,Customer#000006928,1380.62,244902.6878
1316,Customer#000001316,-158.39,244696.747
1009,Customer#000001009,594.5,244665.1793
6902,Customer#000006902,7453.93,244566.8811
3736,Customer#000003736,4504.18,244529.5198
5786,Customer#000005786,7840.1,244297.8197
5242,Customer#000005242,9534.6,244236.1244
3208,Customer#000003208,9859.51,244089.7227
7420,Customer#000007420,4475.34,243828.6342
2491,Customer#000002491,9386.5,243751.4318
974,Customer#000000974,7826.1,243643.6291
6271,Customer#000006271,-342.4,243080.7505
4777,Customer#000004777,-800.82,242945.5397
4768,Customer#000004768,4999.69,242785.7028
1888,Customer#000001888,-861.72,242638.9408
3643,Customer#000003643,2666.99,242455.9429
2806,Customer#000002806,7603.71,242064.0116
2843,Customer#000002843,9852.58,241993.6669
949,Customer#000000949,5340.67,241937.4451
1613,Customer#000001613,7539.75,241678.1874
5347,Customer#000005347,9953.58,241616.3967
6979,Customer#000006979,2270.82,241555.7807
6061,Customer#000006061,7532.06,241460.3621
4126,Customer#000004126,9142.71,241422.4771
6478,Customer#000006478,9874.64,241352.1573
6530,Customer#000006530,3190.15,241336.9
4469,Customer#000004469,1453.21,241245.2594
476,Customer#000000476,5973.1,241091.5469
223,Customer#000000223,7476.2,240945.9794
4735,Customer#000004735,5270.98,240922.2073
4565,Customer#000004565,1660.91,240429.8001
6895,Customer#000006895,361.67,240417.1518
5003,Customer#000005003,4181.07,240227.6059
142,Customer#000000142,2209.81,240059.1224
1240,Customer#000001240,5439.44,240023.146
6440,Customer#000006440,7040.39,239947.8034
4132,Customer#000004132,7047.72,239803.3035
5095,Customer#000005095,7682.49,239742.0839
6289,Customer#000006289,1509.92,239534.8279
6298,Customer#000006298,8028.38,239391.6766
2665,Customer#000002665,9057.31,239374.3178
4876,Customer#000004876,8671.02,238873.5796
3638,Customer#000003638,987.4,238796.5256
5899,Customer#000005899,6476.89,238703.3787
4322,Customer#000004322,1899.42,238542.3216
4039,Customer#000004039,3734.51,238329.7358
2663,Customer#000002663,6799.41,238076.7664
5962,Customer#000005962,1158.96,238066.3768
2065,Customer#000002065,3756.81,237911.1781
2965,Customer#000002965,3386.15,237780.2908
4387,Customer#000004387,1619.87,237569.8457
6131,Customer#000006131,4223.57,237432.3848
5422,Customer#000005422,2937.77,237336.1772
4814,Customer#000004814,-84.58,237295.5182
5051,Customer#000005051,-821.0,237275.8818
3626,Customer#000003626,3562.27,237059.9804
2440,Customer#000002440,9677.38,237059.8089
4361,Customer#000004361,7336.38,237033.0306
5983,Customer#000005983,121.89,236411.9595
5782,Customer#000005782,5064.29,235702.5262
6619,Customer#000006619,-549.38,235632.6652
3316,Customer#000003316,1016.83,234949.8867
7012,Customer#000007012,-222.6,234503.7373
1312,Customer#000001312,9459.5,234439.9244
1834,Customer#000001834,2985.37,234204.4119
2689,Customer#000002689,1615.23,234074.7648
2998,Customer#000002998,4442.09,234007.8224
2915,Customer#000002915,6748.74,233715.5902
6046,Customer#000006046,8566.39,233613.3154
3935,Customer#000003935,8821.37,233486.545
2413,Customer#000002413,4195.34,233343.5722
5060,Customer#000005060,7030.66,232845.5885
4483,Customer#000004483,6761.85,232663.4162
1835,Customer#000001835,2081.99,231985.6398
5287,Customer#000005287,8214.04,231973.5366
3172,Customer#000003172,4148.61,231961.6954
6500,Customer#000006500,7764.33,231830.4174
3463,Customer#000003463,8704.0,231764.4286
6113,Customer#000006113,8646.86,231621.8775
6616,Customer#000006616,5341.58,231558.6895
19,Customer#000000019,8914.71,231340.4985
5938,Customer#000005938,366.32,231244.916
3235,Customer#000003235,3773.64,231208.0224
1045,Customer#000001045,2942.19,231125.2589
6740,Customer#000006740,6098.86,230957.6733
4151,Customer#000004151,2426.67,230933.2217
434,Customer#000000434,2940.46,230910.012
1480,Customer#000001480,876.02,230701.8009
2074,Customer#000002074,4568.86,230471.586
7288,Customer#000007288,82.07,230253.4904
7364,Customer#000007364,5062.48,230153.645
4606,Customer#000004606,516.02,230066.8029
4456,Customer#000004456,1113.42,229954.9392
1406,Customer#000001406,2023.59,229740.9637
973,Customer#000000973,3229.18,229668.2036
3548,Customer#000003548,-411.15,229643.2669
6868,Customer#000006868,7639.96,229352.3436
3169,Customer#000003169,9476.35,229270.3277
5444,Customer#000005444,2112.38,229166.9476
7294,Customer#000007294,861.78,229075.8684
5587,Customer#000005587,4081.5,228492.5367
3361,Customer#000003361,9366.53,228436.9371
4808,Customer#000004808,5101.33,228396.0495
7259,Customer#000007259,-467.04,228041.1539
2444,Customer#000002444,1097.81,227862.8287
5038,Customer#000005038,5178.28,227654.671
4505,Customer#000004505,5408.72,227248.7402
3730,Customer#000003730,3282.17,227010.6881
3529,Customer#000003529,6586.35,226920.1203
160,Customer#000000160,4363.17,226695.017
1232,Customer#000001232,8482.51,226689.1736
4240,Customer#000004240,1882.38,226522.422
4468,Customer#000004468,8197.02,226469.6283
3166,Customer#000003166,6340.97,226463.74
4991,Customer#000004991,-640.28,226441.7666
2399,Customer#000002399,2560.61,226430.5852
5683,Customer#000005683,3481.82,226198.1147
1322,Customer#000001322,2621.71,226109.1563
3601,Customer#000003601,5842.42,226086.7212
4871,Customer#000004871,6109.87,225883.6703
5830,Customer#000005830,575.85,225629.1914
2600,Customer#000002600,5640.41,224856.166
2945,Customer#000002945,9477.03,224644.5964
5102,Customer#000005102,9047.96,224635.2889
6976,Customer#000006976,5348.14,224580.2271
4804,Customer#000004804,691.19,224284.9309
580,Customer#000000580,-181.63,224051.072
565,Customer#000000565,2688.88,223950.0052
5909,Customer#000005909,2033.69,223664.3544
2005,Customer#000002005,-827.73,223568.4142
3127,Customer#000003127,8942.05,223396.9035
6431,Customer#000006431,8310.76,223305.3702
5591,Customer#000005591,3384.02,223268.7463
3898,Customer#000003898,4436.34,223228.2534
3692,Customer#000003692,93.27,222676.9372
529,Customer#000000529,9647.58,222594.4336
1807,Customer#000001807,1720.94,222556.4204
2290,Customer#000002290,-395.19,222401.5501
6010,Customer#000006010,3887.84,222390.6563
4033,Customer#000004033,7924.97,221971.5638
3344,Customer#000003344,3928.79,221833.3828
2159,Customer#000002159,4471.84,221753.6989
6934,Customer#000006934,5944.59,221575.2141
2593,Customer#000002593,5136.5,221514.7044
889,Customer#000000889,3635.35,221161.0808
2048,Customer#000002048,-201.77,221044.2886
2581,Customer#000002581,3272.97,220957.1028
4174,Customer#000004174,7225.1,220813.0731
410,Customer#000000410,4349.27,220631.5756
3823,Customer#000003823,9482.23,220476.514
2182,Customer#000002182,5924.17,220472.3104
6125,Customer#000006125,2811.99,220412.6098
7282,Customer#000007282,-980.14,219625.7339
6400,Customer#000006400,1362.29,219235.571
3331,Customer#000003331,4903.05,218916.5303
6583,Customer#000006583,8469.57,218884.4526
2105,Customer#000002105,3698.85,218455.4564
6743,Customer#000006743,1464.96,218225.7723
1318,Customer#000001318,5812.93,218036.1951
3659,Customer#000003659,6129.02,217780.0338
6166,Customer#000006166,1444.98,217606.7604
403,Customer#000000403,6693.36,217565.1962
3835,Customer#000003835,4721.52,217407.7134
6811,Customer#000006811,6619.05,217035.3886
1379,Customer#000001379,1008.26,216859.7504
7124,Customer#000007124,8813.64,216702.8728
320,Customer#000000320,6082.74,216696.0087
7198,Customer#000007198,6909.87,216632.8944
5458,Customer#000005458,9129.05,216367.1157
3977,Customer#000003977,2393.35,216303.7009
7483,Customer#000007483,1010.53,216191.7821
1084,Customer#000001084,1416.75,216142.3449
4925,Customer#000004925,1570.37,216022.8597
56,Customer#000000056,6530.86,215985.5072
4247,Customer#000004247,6625.51,215958.1468
3440,Customer#000003440,5947.93,215950.4132
1789,Customer#000001789,6407.46,215932.6139
1717,Customer#000001717,1715.4,215373.3219
3121,Customer#000003121,6895.81,215363.0784
2246,Customer#000002246,7375.47,215301.2813
3602,Customer#000003602,5604.4,215282.556
5020,Customer#000005020,2374.28,215268.597
1780,Customer#000001780,5137.48,215184.1959
770,Customer#000000770,2066.79,214957.2436
460,Customer#000000460,5222.83,214780.5822
1102,Customer#000001102,2369.01,214699.117
5977,Customer#000005977,5533.77,214471.6168
2947,Customer#000002947,3449.52,214392.5599
83,Customer#000000083,6463.51,214356.3436
2038,Customer#000002038,9345.89,214205.2012
2506,Customer#000002506,9907.18,214183.6799
3769,Customer#000003769,8344.15,214113.8597
5359,Customer#000005359,6695.71,214026.5419
1759,Customer#000001759,8396.37,213796.1326
1681,Customer#000001681,6996.1,213740.2511
919,Customer#000000919,9774.97,213690.8153
5944,Customer#000005944,891.93,213610.3967
6808,Customer#000006808,3471.22,213577.317
7412,Customer#000007412,4477.79,213362.3294
3853,Customer#000003853,3783.47,212947.6878
181,Customer#000000181,3929.96,212909.47
1708,Customer#000001708,9702.83,212375.0598
2723,Customer#000002723,2267.75,211968.2593
1172,Customer#000001172,420.97,211963.932
467,Customer#000000467,9398.51,211938.8
1684,Customer#000001684,5928.82,211913.0506
703,Customer#000000703,3998.42,211749.0896
6658,Customer#000006658,4384.07,211686.6224
6278,Customer#000006278,9996.76,211610.1816
5011,Customer#000005011,2216.34,211539.798
3862,Customer#000003862,1093.82,211168.5796
2762,Customer#000002762,9181.7,210801.751
2804,Customer#000002804,4362.24,210736.7551
1394,Customer#000001394,2233.1,210728.5911
6544,Customer#000006544,5344.32,210707.338
4265,Customer#000004265,2663.74,210704.1291
6314,Customer#000006314,2996.03,210478.4292
4102,Customer#000004102,8674.3,210477.5066
3001,Customer#000003001,4224.75,210164.4521
7399,Customer#000007399,6144.16,209817.2144
2536,Customer#000002536,3349.04,209799.2316
5465,Customer#000005465,6447.81,209765.8144
1723,Customer#000001723,6893.86,209648.9438
4271,Customer#000004271,8570.0,209476.4471
1081,Customer#000001081,8647.42,209269.8429
3248,Customer#000003248,5511.44,209230.8064
3818,Customer#000003818,346.99,209166.2121
505,Customer#000000505,6557.51,209094.0391
274,Customer#000000274,4425.42,208992.1035
4663,Customer#000004663,-150.63,208909.3536
1123,Customer#000001123,9786.36,208813.8256
4459,Customer#000004459,2289.5,208325.6211
2195,Customer#000002195,5214.75,208057.3416
2317,Customer#000002317,9033.29,208004.5014
2023,Customer#000002023,-382.76,207760.5418
4414,Customer#000004414,9797.99,207697.4334
2098,Customer#000002098,1390.16,207630.4558
3953,Customer#000003953,9510.61,207593.9724
3160,Customer#000003160,3951.11,207582.1343
1777,Customer#000001777,-535.08,207536.6265
4706,Customer#000004706,6201.74,207503.4004
1471,Customer#000001471,3872.86,207128.8255
1370,Customer#000001370,9802.04,207084.6867
6404,Customer#000006404,9678.44,207041.7707
5461,Customer#000005461,9234.81,206895.752
2231,Customer#000002231,-907.09,206859.1484
1511,Customer#000001511,2757.29,206802.6632
4757,Customer#000004757,1594.59,206611.974
6905,Customer#000006905,9534.63,206239.324
6676,Customer#000006676,816.03,206117.9582
5510,Customer#000005510,9608.34,205931.5316
2539,Customer#000002539,5493.6,205912.9122
766,Customer#000000766,4677.55,205797.813
1147,Customer#000001147,7734.64,205477.4812
419,Customer#000000419,7786.69,205469.6941
1891,Customer#000001891,3069.79,204659.8234
7103,Customer#000007103,-52.51,204472.9372
7132,Customer#000007132,6070.14,204465.5722
3712,Customer#000003712,4440.83,204382.4857
3031,Customer#000003031,4365.91,204316.0108
3928,Customer#000003928,3909.19,204283.4623
1381,Customer#000001381,367.82,204066.5284
5378,Customer#000005378,5634.93,203733.9757
1055,Customer#000001055,639.93,203671.2261
2041,Customer#000002041,6685.18,203531.6257
6526,Customer#000006526,7755.32,203504.0284
1466,Customer#000001466,1268.69,203413.9413
3715,Customer#000003715,586.4,203186.557
2114,Customer#000002114,641.08,203052.3866
7303,Customer#000007303,2438.08,203002.4896
1879,Customer#000001879,5163.22,202920.0887
7409,Customer#000007409,4776.05,202742.5288
3125,Customer#000003125,4022.48,202659.9592
5987,Customer#000005987,-259.21,202454.3436
5582,Customer#000005582,-120.08,202442.3585
3895,Customer#000003895,6097.01,202253.6418
3800,Customer#000003800,7321.45,201964.4306
6715,Customer#000006715,5244.28,201955.6092
5299,Customer#000005299,8690.65,201938.67
5360,Customer#000005360,2770.66,201837.1292
6514,Customer#000006514,8911.35,201726.579
5762,Customer#000005762,7359.83,201714.4368
1444,Customer#000001444,-501.37,201710.0716
907,Customer#000000907,5751.31,201666.9152
3658,Customer#000003658,8317.73,201526.7433
6397,Customer#000006397,2415.67,201277.4039
6562,Customer#000006562,6057.4,201194.2889
3089,Customer#000003089,1411.91,200641.2425
5758,Customer#000005758,3756.91,200532.2192
7217,Customer#000007217,4778.46,200525.3958
1112,Customer#000001112,9314.59,200344.9243
2227,Customer#000002227,-147.42,200130.4728
6679,Customer#000006679,5642.93,200120.3915
728,Customer#000000728,4349.73,199965.7104
2387,Customer#000002387,3915.84,199816.0466
7202,Customer#000007202,4487.09,199790.8024
7463,Customer#000007463,906.76,199004.1759
6926,Customer#000006926,5160.08,198716.5423
5284,Customer#000005284,8359.06,198699.2164
940,Customer#000000940,253.59,198412.0574
5036,Customer#000005036,6872.37,198217.0964
1183,Customer#000001183,4455.76,198079.5805
133,Customer#000000133,2314.67,198077.4946
506,Customer#000000506,1179.85,197928.9046
5494,Customer#000005494,4395.28,197834.7963
2722,Customer#000002722,2431.68,197688.5045
5690,Customer#000005690,4997.89,197340.1593
5680,Customer#000005680,-15.06,197128.7964
4162,Customer#000004162,8704.59,197112.2364
7006,Customer#000007006,4604.61,197005.1714
7231,Customer#000007231,3448.47,196878.503
5401,Customer#000005401,4463.2,196748.29
6091,Customer#000006091,2753.48,196588.9909
4732,Customer#000004732,-932.27,196332.715
3923,Customer#000003923,9011.29,196194.0475
4840,Customer#000004840,9982.61,196108.6056
3797,Customer#000003797,616.59,195768.2661
4106,Customer#000004106,6914.57,195691.5902
5804,Customer#000005804,9402.66,195642.0277
3689,Customer#000003689,9189.94,195582.1469
3505,Customer#000003505,3272.81,195370.6364
3859,Customer#000003859,-531.78,195321.6014
5861,Customer#000005861,8481.7,195225.5999
6700,Customer#000006700,6932.01,195206.8965
1186,Customer#000001186,4466.3,195106.9768
86,Customer#000000086,3306.32,194955.8514
4582,Customer#000004582,6631.62,194863.0971
1187,Customer#000001187,-932.96,194856.2536
3781,Customer#000003781,-659.94,194643.8688
1426,Customer#000001426,1965.38,194540.5352
4798,Customer#000004798,3567.66,194060.7148
6355,Customer#000006355,6066.98,193834.2758
5645,Customer#000005645,7256.87,193522.6769
5035,Customer#000005035,2543.87,193151.8032
1301,Customer#000001301,8966.63,193107.4075
6193,Customer#000006193,7033.0,192428.0612
7090,Customer#000007090,4211.66,192425.2312
427,Customer#000000427,4376.8,192385.1614
4555,Customer#000004555,662.85,191659.3272
5305,Customer#000005305,5962.57,191554.0086
5687,Customer#000005687,5447.16,191464.5503
4237,Customer#000004237,3656.25,191358.8892
1396,Customer#000001396,7149.43,191246.0548
4721,Customer#000004721,5766.39,191224.9442
5221,Customer#000005221,3328.82,191218.8107
7349,Customer#000007349,6884.48,191202.6112
6194,Customer#000006194,6639.12,191079.9876
6464,Customer#000006464,5468.53,190954.5983
6814,Customer#000006814,4498.28,190934.4853
5212,Customer#000005212,926.96,190901.4274
2878,Customer#000002878,3647.22,190820.1373
358,Customer#000000358,-44.66,190801.8535
5225,Customer#000005225,-481.03,190646.9109
37,Customer#000000037,-917.75,190487.7509
5215,Customer#000005215,5752.11,190341.9354
6188,Customer#000006188,-895.88,190262.5788
7195,Customer#000007195,-781.81,189912.8206
3488,Customer#000003488,709.36,189741.9448
5074,Customer#000005074,9690.09,189483.8332
4250,Customer#000004250,5110.65,189433.4818
7016,Customer#000007016,8769.69,189424.5655
6272,Customer#000006272,7209.51,189328.6993
4148,Customer#000004148,-647.09,189161.3768
1249,Customer#000001249,448.49,188922.0736
5656,Customer#000005656,9828.74,188914.314
7471,Customer#000007471,7282.44,188482.5435
3893,Customer#000003893,6269.55,188390.535
2261,Customer#000002261,266.03,188375.174
3464,Customer#000003464,8149.67,188348.3734
1156,Customer#000001156,1799.67,188286.7632
6829,Customer#000006829,1323.84,188135.1582
5507,Customer#000005507,8959.98,187201.2904
4382,Customer#000004382,6541.56,187165.0484
3686,Customer#000003686,2657.87,186996.9252
6569,Customer#000006569,2712.91,186618.4861
2297,Customer#000002297,5267.76,186593.969
1447,Customer#000001447,2718.02,186529.275
1792,Customer#000001792,9762.91,186199.3527
6154,Customer#000006154,1571.98,186050.7636
3722,Customer#000003722,8299.24,186015.2644
1960,Customer#000001960,8663.17,185892.5492
4558,Customer#000004558,8665.71,185381.3928
3319,Customer#000003319,4582.59,184982.9435
424,Customer#000000424,1866.42,184964.5754
6226,Customer#000006226,2230.09,184926.4388
2446,Customer#000002446,833.94,184841.2962
5641,Customer#000005641,1848.28,184823.6982
1637,Customer#000001637,2844.51,184390.126
6995,Customer#000006995,8768.51,184173.2557
4826,Customer#000004826,9680.7,184167.3709
7186,Customer#000007186,6743.92,184159.1288
7247,Customer#000007247,9377.09,184016.7957
3334,Customer#000003334,4400.99,183743.4132
7205,Customer#000007205,5382.1,183536.7082
6233,Customer#000006233,3186.31,183362.0195
2201,Customer#000002201,2811.64,183209.8678
6761,Customer#000006761,521.65,183028.7258
4948,Customer#000004948,7511.0,183015.0988
6227,Customer#000006227,2062.51,182696.1764
2437,Customer#000002437,1907.53,182437.587
92,Customer#000000092,1182.91,182295.8732
5468,Customer#000005468,4899.74,182241.2807
3914,Customer#000003914,3547.25,182192.7947
3262,Customer#000003262,6740.35,182048.3612
2675,Customer#000002675,3076.93,181692.8552
2077,Customer#000002077,403.76,181415.0917
62,Customer#000000062,595.61,181167.0111
2230,Customer#000002230,3103.0,181117.1858
5725,Customer#000005725,433.13,180820.4571
106,Customer#000000106,3288.42,180786.3185
1651,Customer#000001651,1614.35,180714.1188
1666,Customer#000001666,3562.78,180620.0242
5863,Customer#000005863,5305.37,180568.6556
7045,Customer#000007045,5650.15,180422.068
335,Customer#000000335,6837.46,180376.083
5911,Customer#000005911,1109.8,179932.9652
5993,Customer#000005993,-153.29,179927.1894
584,Customer#000000584,8825.71,179859.1508
1307,Customer#000001307,4344.52,179631.2668
193,Customer#000000193,8024.55,179449.2241
7088,Customer#000007088,-461.18,179285.2091
4969,Customer#000004969,7143.04,179257.3335
4592,Customer#000004592,4243.25,179100.77
2542,Customer#000002542,9105.31,179039.634
5077,Customer#000005077,6207.54,178859.5791
6455,Customer#000006455,3482.98,178816.4692
6242,Customer#000006242,3379.23,178807.2532
6644,Customer#000006644,2257.43,178772.3721
7030,Customer#000007030,1676.59,178760.1046
1781,Customer#000001781,4686.31,178568.0037
7496,Customer#000007496,-681.25,178503.6739
2062,Customer#000002062,9806.43,178477.2684
4307,Customer#000004307,6687.87,178427.3136
2524,Customer#000002524,1605.85,178050.9182
6032,Customer#000006032,6098.48,177897.7164
4399,Customer#000004399,6852.93,177840.8702
4175,Customer#000004175,1269.03,177698.7115
739,Customer#000000739,6344.18,177685.4885
1930,Customer#000001930,7909.13,177481.8366
4339,Customer#000004339,6398.44,177379.472
3593,Customer#000003593,1677.56,177241.8683
109,Customer#000000109,-716.1,177110.9053
763,Customer#000000763,2650.27,176981.4539
4549,Customer#000004549,2380.89,176932.7105
1589,Customer#000001589,-101.68,176202.0936
3616,Customer#000003616,3923.83,176170.0147
6196,Customer#000006196,4462.11,176120.834
3691,Customer#000003691,7967.22,176047.7058
5411,Customer#000005411,2043.8,176002.2108
5356,Customer#000005356,9867.36,175842.5078
194,Customer#000000194,6696.49,175481.6597
6827,Customer#000006827,6647.51,175230.3232
6697,Customer#000006697,6632.75,174872.803
5431,Customer#000005431,5794.53,174668.06
3290,Customer#000003290,7731.14,174490.9619
1115,Customer#000001115,-178.52,174457.8992
2627,Customer#000002627,373.34,174454.7392
6734,Customer#000006734,2971.38,174450.1696
2789,Customer#000002789,621.29,174398.042
6115,Customer#000006115,821.94,174276.8159
7108,Customer#000007108,-17.06,173992.2788
724,Customer#000000724,3035.29,173832.1488
901,Customer#000000901,938.35,173467.2757
6128,Customer#000006128,7899.6,173272.7248
4342,Customer#000004342,3554.78,173108.0704
982,Customer#000000982,1437.55,173050.3077
359,Customer#000000359,6375.23,172958.935
6178,Customer#000006178,-369.66,172921.9768
7153,Customer#000007153,2758.73,172786.7669
7379,Customer#000007379,8709.34,172782.9938
4426,Customer#000004426,6810.79,172705.7322
5536,Customer#000005536,4016.54,172689.1642
5078,Customer#000005078,4135.6,172640.6959
5891,Customer#000005891,-573.16,172628.6776
6803,Customer#000006803,2880.15,172533.9127
6932,Customer#000006932,6064.87,172277.8781
3916,Customer#000003916,6798.34,172250.9004
1633,Customer#000001633,162.02,172112.444
6565,Customer#000006565,5309.19,172054.4081
4129,Customer#000004129,3509.32,172023.6568
3211,Customer#000003211,-275.83,171767.9422
7372,Customer#000007372,-719.22,171431.3343
6985,Customer#000006985,2119.77,171258.3374
2225,Customer#000002225,4229.13,171250.1346
3739,Customer#000003739,9926.44,171239.1725
6313,Customer#000006313,2933.72,171200.4236
7235,Customer#000007235,6707.4,170891.3723
7289,Customer#000007289,2330.57,170880.4416
5045,Customer#000005045,7467.23,170700.2984
842,Customer#000000842,8635.49,170666.011
5900,Customer#000005900,-906.82,170276.1518
1540,Customer#000001540,6102.98,170164.8484
6460,Customer#000006460,9685.49,170136.7132
1652,Customer#000001652,4335.18,170096.5968
7309,Customer#000007309,4483.28,169745.603
7168,Customer#000007168,1318.74,169517.3227
3944,Customer#000003944,2671.19,169319.7435
1010,Customer#000001010,1652.78,169304.8435
1130,Customer#000001130,9519.36,169195.728
6916,Customer#000006916,-795.98,168873.5678
5647,Customer#000005647,3648.02,168653.116
3559,Customer#000003559,-579.91,168586.4824
3854,Customer#000003854,6737.76,168497.805
3775,Customer#000003775,3736.73,168167.6956
4868,Customer#000004868,4301.39,168127.9289
5689,Customer#000005689,8375.26,168002.0577
4024,Customer#000004024,-53.12,167851.7336
5177,Customer#000005177,6955.64,167544.938
4945,Customer#000004945,8863.39,167482.2692
767,Customer#000000767,7647.09,167358.255
2671,Customer#000002671,3981.92,167351.807
6047,Customer#000006047,5439.08,167024.6904
6580,Customer#000006580,1193.35,166870.4556
2080,Customer#000002080,6700.49,166802.9572
308,Customer#000000308,4150.76,166793.2638
7348,Customer#000007348,-821.5,166783.6787
6802,Customer#000006802,3589.51,166679.3533
6346,Customer#000006346,5910.74,166459.5928
2254,Customer#000002254,9238.01,166196.8603
5989,Customer#000005989,4393.67,166102.5858
5875,Customer#000005875,4907.38,166061.4418
5272,Customer#000005272,909.75,166044.5184
5822,Customer#000005822,8716.89,165976.9807
4654,Customer#000004654,5076.29,165962.008
5737,Customer#000005737,5948.37,165784.0188
5330,Customer#000005330,1562.08,165783.0123
1640,Customer#000001640,2622.28,165735.9218
7174,Customer#000007174,4576.48,165673.5362
4310,Customer#000004310,5426.73,165568.0594
2941,Customer#000002941,1143.54,165344.6728
7201,Customer#000007201,5207.5,165342.8362
3565,Customer#000003565,-609.23,165112.5638
6533,Customer#000006533,7733.2,165081.6649
7327,Customer#000007327,9938.28,165060.264
4882,Customer#000004882,4430.75,164908.9373
2737,Customer#000002737,7015.95,164612.4855
5474,Customer#000005474,2647.85,164611.03
913,Customer#000000913,6935.16,164487.4272
6893,Customer#000006893,6929.65,164308.7086
3239,Customer#000003239,7563.8,164162.1244
3634,Customer#000003634,432.22,163997.1657
4259,Customer#000004259,8653.92,163814.3828
5081,Customer#000005081,49.33,163704.3068
5998,Customer#000005998,4357.9,163445.4862
7076,Customer#000007076,3160.99,163127.524
5254,Customer#000005254,4540.44,163023.7236
6763,Customer#000006763,3895.04,162953.0834
6446,Customer#000006446,5131.95,162810.5614
3919,Customer#000003919,3892.55,162754.4764
5974,Customer#000005974,-526.72,162688.9887
3389,Customer#000003389,7224.8,162612.4708
2903,Customer#000002903,8062.06,162562.42
5990,Customer#000005990,-547.64,162210.2825
823,Customer#000000823,738.79,162178.0671
2605,Customer#000002605,9743.11,162103.8857
2771,Customer#000002771,3059.95,161823.0613
1423,Customer#000001423,2411.69,161704.253
5897,Customer#000005897,1764.41,161701.1396
3025,Customer#000003025,-62.0,161695.8679
1118,Customer#000001118,4130.18,161466.8222
652,Customer#000000652,-919.65,161333.7533
1810,Customer#000001810,923.32,161155.2675
3326,Customer#000003326,1950.12,161139.9393
6475,Customer#000006475,4338.27,161085.439
3385,Customer#000003385,2011.95,160752.5792
2419,Customer#000002419,7307.91,160733.9099
6553,Customer#000006553,8985.9,160701.0848
3664,Customer#000003664,2916.91,160496.7451
6073,Customer#000006073,1045.91,160159.2351
5450,Customer#000005450,5150.67,160116.7492
5386,Customer#000005386,7942.82,160104.3514
4315,Customer#000004315,8599.54,159901.24
266,Customer#000000266,5481.0,159769.5378
454,Customer#000000454,6134.4,159625.4174
3052,Customer#000003052,4032.62,159622.484
6274,Customer#000006274,8778.79,159122.6089
2902,Customer#000002902,6398.88,159036.9019
1831,Customer#000001831,7448.78,158862.2908
3307,Customer#000003307,5016.97,158773.423
5377,Customer#000005377,4315.5,158770.4468
2263,Customer#000002263,2623.98,158741.7051
2188,Customer#000002188,9382.06,158676.2976
7445,Customer#000007445,5087.28,158607.7205
1465,Customer#000001465,9365.93,158507.8494
3979,Customer#000003979,5049.56,157990.7399
6718,Customer#000006718,3658.95,157945.5956
1372,Customer#000001372,1796.09,157916.7272
7417,Customer#000007417,-901.25,157669.437
5632,Customer#000005632,6371.79,157616.2866
5294,Customer#000005294,8829.75,157493.8042
668,Customer#000000668,8184.21,157478.111
824,Customer#000000824,6840.29,157284.1854
4744,Customer#000004744,5729.58,157282.5949
5251,Customer#000005251,7189.16,157207.0188
2033,Customer#000002033,6923.03,157016.7046
5434,Customer#000005434,271.95,156922.5094
146,Customer#000000146,3328.68,156843.9065
2050,Customer#000002050,5074.43,156743.1742
4157,Customer#000004157,6345.69,156361.673
4474,Customer#000004474,9658.51,156355.77
2209,Customer#000002209,6080.07,156328.375
77,Customer#000000077,1738.87,156307.0908
1493,Customer#000001493,7014.12,156033.3888
7033,Customer#000007033,5133.52,156030.987
1733,Customer#000001733,2568.57,155488.9524
554,Customer#000000554,8395.57,155400.13
6725,Customer#000006725,6523.6,155360.3207
7370,Customer#000007370,6071.07,155333.8246
6784,Customer#000006784,3026.77,155109.418
4099,Customer#000004099,435.89,155094.1958
1243,Customer#000001243,6271.38,154993.857
5876,Customer#000005876,9335.12,154987.211
1087,Customer#000001087,5878.21,154868.5661
5111,Customer#000005111,1711.94,154863.4554
719,Customer#000000719,-774.47,154648.7792
406,Customer#000000406,4286.94,154584.7831
3913,Customer#000003913,5572.0,154451.6608
4675,Customer#000004675,680.84,154267.5029
7438,Customer#000007438,-342.79,154238.9139
2654,Customer#000002654,8841.01,153908.0714
6721,Customer#000006721,4277.74,153882.0804
1726,Customer#000001726,-879.29,153726.7738
5858,Customer#000005858,3473.84,153660.0051
4358,Customer#000004358,4526.58,153649.2988
2735,Customer#000002735,3906.79,153365.6708
344,Customer#000000344,-544.95,153281.346
131,Customer#000000131,8595.53,153032.9668
6433,Customer#000006433,2412.87,152852.5725
3487,Customer#000003487,383.04,152642.174
4198,Customer#000004198,3630.16,152553.0432
2872,Customer#000002872,-684.05,152527.5918
5576,Customer#000005576,3006.21,152491.9788
3100,Customer#000003100,8734.65,152460.589
4012,Customer#000004012,2693.84,152230.8221
2875,Customer#000002875,3383.29,152101.5668
3785,Customer#000003785,6011.38,151907.4276
1400,Customer#000001400,2432.73,151887.2082
2356,Customer#000002356,3706.49,151725.3064
1012,Customer#000001012,4422.45,151666.5957
2549,Customer#000002549,290.86,151501.896
4597,Customer#000004597,9943.87,151438.1699
3547,Customer#000003547,6389.22,151091.7644
6772,Customer#000006772,-238.33,150960.1817
4216,Customer#000004216,1609.59,150941.0352
6080,Customer#000006080,3557.21,150920.2768
499,Customer#000000499,4293.76,150826.9989
6391,Customer#000006391,3923.68,150782.8236
484,Customer#000000484,4245.0,150737.6098
6212,Customer#000006212,1570.87,150612.4068
4513,Customer#000004513,4059.43,150138.691
6664,Customer#000006664,9108.44,150029.8319
3890,Customer#000003890,-87.13,149965.8359
1750,Customer#000001750,110.26,149891.4274
1555,Customer#000001555,-740.02,149776.9478
2140,Customer#000002140,2959.31,149531.3027
4693,Customer#000004693,3456.79,149479.2389
2282,Customer#000002282,873.47,149447.9854
802,Customer#000000802,1377.52,149397.3994
7415,Customer#000007415,740.36,149321.0312
3670,Customer#000003670,71.04,148813.4583
7180,Customer#000007180,7861.86,148679.732
4621,Customer#000004621,115.76,148576.7376
5228,Customer#000005228,3817.45,148411.8928
6608,Customer#000006608,6611.72,148365.4933
517,Customer#000000517,3959.71,148179.1241
4346,Customer#000004346,7501.98,148116.3412
1858,Customer#000001858,5263.13,148012.912
6848,Customer#000006848,7653.55,147821.6588
3886,Customer#000003886,5099.36,147656.1369
4156,Customer#000004156,4947.78,147401.508
3817,Customer#000003817,9766.42,147392.4794
373,Customer#000000373,2354.06,147178.3044
4442,Customer#000004442,-990.92,147148.3754
5456,Customer#000005456,504.07,147100.4219
5584,Customer#000005584,-253.11,147063.0262
1198,Customer#000001198,9593.35,146912.0604
2249,Customer#000002249,1195.46,146716.8132
5063,Customer#000005063,4462.17,146704.1406
4999,Customer#000004999,237.34,146582.6757
1016,Customer#000001016,2357.54,146414.6416
1535,Customer#000001535,1041.79,146358.1852
5059,Customer#000005059,6648.84,146237.3525
967,Customer#000000967,5710.41,146202.1391
4877,Customer#000004877,3835.31,146199.9949
2776,Customer#000002776,6551.54,146168.7824
4970,Customer#000004970,8034.01,146128.3506
5503,Customer#000005503,1228.47,145946.6561
664,Customer#000000664,8878.22,145884.6171
5878,Customer#000005878,6392.98,145849.745
6911,Customer#000006911,3682.25,145731.2656
4966,Customer#000004966,1147.35,145730.6565
361,Customer#000000361,7451.84,145391.2528
4204,Customer#000004204,7078.36,145390.0251
2638,Customer#000002638,3887.74,145279.914
677,Customer#000000677,5582.63,145229.2088
1804,Customer#000001804,-516.28,145215.5786
1027,Customer#000001027,4946.21,145070.985
3973,Customer#000003973,7358.97,144917.3085
3682,Customer#000003682,-64.92,144876.1096
5357,Customer#000005357,2824.83,144844.4802
3286,Customer#000003286,7440.14,144679.662
6623,Customer#000006623,-872.31,144641.1805
1390,Customer#000001390,3931.31,144462.7259
6800,Customer#000006800,2438.35,144431.8108
1205,Customer#000001205,5390.34,144304.4952
3454,Customer#000003454,7683.53,144250.0802
6877,Customer#000006877,-532.13,144197.4499
6187,Customer#000006187,-838.33,144061.1319
1165,Customer#000001165,8177.33,143731.2536
6082,Customer#000006082,898.19,143524.2641
4190,Customer#000004190,9536.67,143473.8386
7423,Customer#000007423,2184.27,143439.1875
1003,Customer#000001003,7894.0,143289.7706
1984,Customer#000001984,8661.08,143272.3979
6742,Customer#000006742,2834.8,142808.087
6683,Customer#000006683,-549.56,142565.179
5128,Customer#000005128,4094.41,142459.6902
301,Customer#000000301,9305.05,142415.1601
6850,Customer#000006850,-702.43,142352.6596
5479,Customer#000005479,7334.28,142349.3405
5482,Customer#000005482,5892.97,142284.5525
5090,Customer#000005090,3613.0,142221.573
5492,Customer#000005492,2190.69,142191.9358
5173,Customer#000005173,9116.91,142096.691
1546,Customer#000001546,4488.33,142017.8524
5495,Customer#000005495,4425.4,141513.383
980,Customer#000000980,4586.33,141282.7606
1343,Customer#000001343,8303.09,140966.3027
6685,Customer#000006685,4996.19,140860.7581
1516,Customer#000001516,9263.27,140826.3336
6145,Customer#000006145,3423.05,140802.9399
3176,Customer#000003176,2903.23,140686.6118
3332,Customer#000003332,2559.32,140062.1703
79,Customer#000000079,5121.28,140036.056
1655,Customer#000001655,1214.81,139883.764
4688,Customer#000004688,9963.16,139432.2004
3793,Customer#000003793,2190.13,139263.9255
4607,Customer#000004607,2729.35,138835.914
1411,Customer#000001411,772.14,138743.0226
3247,Customer#000003247,8304.6,138671.0874
6812,Customer#000006812,1433.83,138371.2232
1729,Customer#000001729,6479.07,138078.1801
6778,Customer#000006778,7333.47,138002.43
5104,Customer#000005104,2944.86,137990.7173
5219,Customer#000005219,2662.16,137819.8686
2084,Customer#000002084,924.07,137621.48
4729,Customer#000004729,8135.26,137473.1924
4258,Customer#000004258,-144.0,137221.3044
548,Customer#000000548,90.45,136727.6922
6025,Customer#000006025,-815.07,136509.3081
3122,Customer#000003122,-143.97,136362.7029
3869,Customer#000003869,79.54,136194.3659
5449,Customer#000005449,8896.24,136109.9935
5278,Customer#000005278,7932.58,136107.9976
1096,Customer#000001096,3687.37,135824.6297
5635,Customer#000005635,641.15,135811.5163
2089,Customer#000002089,8918.76,135560.8563
6296,Customer#000006296,6768.63,135436.2179
781,Customer#000000781,6403.62,135341.6448
619,Customer#000000619,2336.99,135339.3261
5728,Customer#000005728,5743.36,135325.6595
6874,Customer#000006874,7814.06,135259.0342
422,Customer#000000422,-272.14,135124.3876
4201,Customer#000004201,9206.65,135036.9674
1621,Customer#000001621,8358.51,134885.468
1966,Customer#000001966,1937.72,134833.9191
7273,Customer#000007273,1560.87,134807.7505
5231,Customer#000005231,2949.82,134768.0215
2395,Customer#000002395,4657.29,134707.7263
4133,Customer#000004133,1059.38,134648.1152
6523,Customer#000006523,6472.78,134355.4629
811,Customer#000000811,9010.02,134293.2978
4910,Customer#000004910,7899.03,134252.4344
2755,Customer#000002755,7159.65,134218.2397
865,Customer#000000865,3016.38,134146.874
6103,Customer#000006103,8364.07,133945.27
3514,Customer#000003514,9520.48,133883.1888
2035,Customer#000002035,3906.97,133857.0492
7489,Customer#000007489,2881.16,133823.9469
3217,Customer#000003217,20.89,133729.4278
5803,Customer#000005803,2837.89,133517.136
623,Customer#000000623,7887.6,133290.8544
2300,Customer#000002300,9366.29,133215.8756
1375,Customer#000001375,2011.11,133053.1398
1700,Customer#000001700,6683.7,132953.0416
5537,Customer#000005537,8028.85,132948.6025
2465,Customer#000002465,6179.38,132830.8719
5765,Customer#000005765,955.51,132613.4612
5764,Customer#000005764,1572.92,132401.0594
5404,Customer#000005404,8334.1,132364.4772
4249,Customer#000004249,-796.74,132342.8242
3158,Customer#000003158,3056.44,132257.1972
1238,Customer#000001238,4299.22,132205.6822
2222,Customer#000002222,2706.2,132184.022
2218,Customer#000002218,7848.39,132095.7263
3449,Customer#000003449,6124.24,132006.0025
4243,Customer#000004243,-777.53,131945.0712
6659,Customer#000006659,3053.98,131748.237
6479,Customer#000006479,4160.96,131684.8767
6947,Customer#000006947,-30.39,131556.7606
3092,Customer#000003092,-612.15,131412.8537
5716,Customer#000005716,3438.62,131298.2012
5807,Customer#000005807,2060.68,131129.3148
3400,Customer#000003400,3423.22,131046.7704
4042,Customer#000004042,-259.43,129996.285
6611,Customer#000006611,1801.07,129832.848
4976,Customer#000004976,3830.14,129770.6496
4450,Customer#000004450,7113.49,129610.3895
2917,Customer#000002917,7643.3,129128.4032
4994,Customer#000004994,9309.58,129082.5324
355,Customer#000000355,8727.9,129063.6922
2548,Customer#000002548,3832.17,128961.384
854,Customer#000000854,3393.86,128762.3591
7082,Customer#000007082,3235.73,128682.9133
1264,Customer#000001264,3959.28,128615.9897
4355,Customer#000004355,2624.2,128613.2174
5041,Customer#000005041,8268.07,128342.7792
1597,Customer#000001597,5728.91,128219.0991
5320,Customer#000005320,3637.16,128008.4792
5303,Customer#000005303,9650.34,127699.7922
2423,Customer#000002423,1507.02,127596.4532
122,Customer#000000122,7865.46,127260.223
4186,Customer#000004186,7538.9,127193.3708
4379,Customer#000004379,-767.22,126708.5964
6401,Customer#000006401,2891.62,126584.5633
925,Customer#000000925,1939.39,126557.0635
5455,Customer#000005455,4260.22,126344.6575
4303,Customer#000004303,3527.24,126164.1322
5815,Customer#000005815,8445.86,126008.2788
1643,Customer#000001643,1982.44,125988.5092
5996,Customer#000005996,1675.51,125977.7937
7490,Customer#000007490,-451.57,125832.8164
7264,Customer#000007264,3055.76,125708.721
6328,Customer#000006328,1651.24,125609.5449
3725,Customer#000003725,4716.62,125378.6026
7105,Customer#000007105,8476.84,125327.2186
4886,Customer#000004886,5580.76,125128.5338
6746,Customer#000006746,9415.95,125085.6756
3349,Customer#000003349,8876.36,124568.4062
958,Customer#000000958,1791.65,124403.6104
3343,Customer#000003343,6154.51,124341.9726
3115,Customer#000003115,8889.56,124112.0796
1460,Customer#000001460,9680.51,124042.8224
4391,Customer#000004391,6855.8,124022.8846
3392,Customer#000003392,4663.96,123940.6956
157,Customer#000000157,9768.73,123667.5196
6416,Customer#000006416,6601.37,123464.5676
5513,Customer#000005513,5018.0,123334.8165
3380,Customer#000003380,6444.37,123215.3417
59,Customer#000000059,3458.6,123159.6752
3017,Customer#000003017,6202.54,123092.8294
1813,Customer#000001813,9074.92,123070.8278
3622,Customer#000003622,6742.89,122700.807
3226,Customer#000003226,7798.17,122613.8403
2002,Customer#000002002,5326.64,122520.9231
2729,Customer#000002729,7354.62,122448.5398
6965,Customer#000006965,1815.68,122375.022
4889,Customer#000004889,6157.17,122285.2979
3994,Customer#000003994,3207.22,122279.2393
292,Customer#000000292,2975.43,122205.9692
689,Customer#000000689,1481.24,122117.4374
340,Customer#000000340,4667.12,122104.971
7007,Customer#000007007,2639.72,121769.6165
2405,Customer#000002405,5839.31,121624.4488
6655,Customer#000006655,6372.81,121513.384
2245,Customer#000002245,6752.92,121463.967
6640,Customer#000006640,6693.51,121385.7082
5734,Customer#000005734,3304.74,121279.3742
3887,Customer#000003887,1898.36,121251.3002
5614,Customer#000005614,1840.08,121210.8578
6767,Customer#000006767,528.35,121203.8418
3499,Customer#000003499,4680.63,121166.122
6179,Customer#000006179,38.38,121045.7734
7427,Customer#000007427,842.28,120989.8053
4543,Customer#000004543,4615.92,120971.1465
275,Customer#000000275,5067.31,120944.0532
6950,Customer#000006950,2414.22,120588.4472
368,Customer#000000368,84.72,119522.9812
2135,Customer#000002135,2525.98,119303.5568
4115,Customer#000004115,3980.61,119261.4563
6935,Customer#000006935,6730.94,119004.0434
2494,Customer#000002494,4131.33,118934.1936
3292,Customer#000003292,8067.18,118524.6563
4337,Customer#000004337,2531.81,118184.8846
5491,Customer#000005491,2563.89,118070.8169
2512,Customer#000002512,9814.8,117990.0115
1252,Customer#000001252,3279.84,117931.6636
2543,Customer#000002543,-971.87,117762.5592
5995,Customer#000005995,2091.31,117668.0502
5413,Customer#000005413,9780.42,117642.9452
7129,Customer#000007129,607.97,117583.7162
3607,Customer#000003607,5435.53,117446.7108
5368,Customer#000005368,1028.94,117256.8
4316,Customer#000004316,1576.95,117195.1594
3640,Customer#000003640,4045.41,117023.794
4936,Customer#000004936,918.89,116954.5344
1072,Customer#000001072,7979.48,116191.4354
1567,Customer#000001567,7209.94,115920.5874
4084,Customer#000004084,3012.94,115803.7518
5420,Customer#000005420,5184.14,115791.1252
4223,Customer#000004223,2110.92,115629.1886
3427,Customer#000003427,1208.93,115447.9856
805,Customer#000000805,511.69,114795.0024
2377,Customer#000002377,3837.93,114743.4704
3457,Customer#000003457,4258.62,114672.6603
5959,Customer#000005959,2839.12,114576.9678
3068,Customer#000003068,6679.03,114523.0511
6587,Customer#000006587,1888.45,114418.3271
1015,Customer#000001015,6392.0,114399.9556
560,Customer#000000560,1469.59,114388.0651
7459,Customer#000007459,434.91,114321.8562
4525,Customer#000004525,2265.96,114313.3526
4130,Customer#000004130,8085.65,114275.5278
2677,Customer#000002677,1374.68,114210.0924
4553,Customer#000004553,-719.31,114134.8639
3850,Customer#000003850,4742.38,114078.3768
6304,Customer#000006304,8426.13,114034.6804
3047,Customer#000003047,6633.39,114016.2116
3625,Customer#000003625,7707.59,113954.227
5542,Customer#000005542,5422.53,113896.0728
5374,Customer#000005374,8051.75,113596.1644
4700,Customer#000004700,1923.32,113580.005
2582,Customer#000002582,6713.19,113375.6301
6290,Customer#000006290,9223.2,113326.515
1903,Customer#000001903,-679.3,113097.3633
3778,Customer#000003778,7327.02,112984.0456
3026,Customer#000003026,866.11,112901.9836
4583,Customer#000004583,3676.46,112754.6674
6994,Customer#000006994,7109.05,112703.4898
2741,Customer#000002741,766.62,112690.8099
6826,Customer#000006826,-532.24,112542.885
5795,Customer#000005795,730.07,112535.9535
3668,Customer#000003668,1769.56,112505.919
1267,Customer#000001267,8616.12,112190.0736
5180,Customer#000005180,5773.79,112151.078
5545,Customer#000005545,6439.78,111934.2899
5425,Customer#000005425,6695.14,111846.0868
6158,Customer#000006158,8966.55,111773.3175
2921,Customer#000002921,25.16,111599.5414
2738,Customer#000002738,6162.21,111380.6352
959,Customer#000000959,3266.14,111351.0906
6557,Customer#000006557,1405.4,111149.1967
1271,Customer#000001271,1209.37,111071.709
4825,Customer#000004825,-376.29,110920.7502
547,Customer#000000547,6058.08,110865.3518
1391,Customer#000001391,5510.28,110839.5294
4454,Customer#000004454,9793.48,110780.634
7244,Customer#000007244,8385.33,110461.1422
386,Customer#000000386,232.01,110336.8357
3116,Customer#000003116,2871.16,110260.785
5713,Customer#000005713,2450.11,109858.6374
2221,Customer#000002221,2815.89,109719.4019
3577,Customer#000003577,4108.14,109656.5749
4087,Customer#000004087,3020.68,109582.4837
5504,Customer#000005504,8779.1,109562.462
7330,Customer#000007330,4349.69,109526.8459
896,Customer#000000896,7659.72,109497.7966
3562,Customer#000003562,4229.42,109491.9384
4292,Customer#000004292,143.56,109422.3128
172,Customer#000000172,1134.4,109225.536
778,Customer#000000778,52.43,109118.5707
2839,Customer#000002839,-232.44,109106.28
1829,Customer#000001829,2886.86,109058.1822
124,Customer#000000124,1842.49,109056.4128
47,Customer#000000047,274.58,109052.2275
583,Customer#000000583,3686.07,109031.6773
3223,Customer#000003223,4113.37,108751.7628
6253,Customer#000006253,-356.48,108646.4634
4418,Customer#000004418,6374.05,108622.4672
1049,Customer#000001049,8747.99,108314.8118
6880,Customer#000006880,225.45,108180.7408
2794,Customer#000002794,9474.41,108148.2021
2353,Customer#000002353,5414.51,108039.2702
7468,Customer#000007468,4484.55,107804.263
1051,Customer#000001051,9776.39,107693.4996
4288,Customer#000004288,4772.14,107680.877
1481,Customer#000001481,3204.67,107671.716
7454,Customer#000007454,3067.32,107668.0828
4447,Customer#000004447,4364.16,107587.1938
5315,Customer#000005315,39.62,107094.175
2959,Customer#000002959,1859.79,106729.1934
4475,Customer#000004475,1673.79,106685.448
1334,Customer#000001334,2485.71,106589.5904
4967,Customer#000004967,9431.06,106422.4076
6805,Customer#000006805,147.84,106415.231
6524,Customer#000006524,7024.93,106327.0264
877,Customer#000000877,1755.33,106293.0708
6085,Customer#000006085,6041.35,106246.7021
6698,Customer#000006698,620.84,106064.7748
2768,Customer#000002768,675.37,105834.5039
4538,Customer#000004538,9371.11,105742.8929
2897,Customer#000002897,9734.16,105563.3948
1439,Customer#000001439,8487.6,105323.9626
3865,Customer#000003865,8668.08,104799.831
3871,Customer#000003871,8888.34,104704.7078
3103,Customer#000003103,4501.74,104591.3209
3650,Customer#000003650,4323.22,104272.2216
6157,Customer#000006157,6444.1,104077.5818
4823,Customer#000004823,6455.04,103997.4816
6695,Customer#000006695,7779.06,103970.0902
5833,Customer#000005833,8338.09,103901.49
4127,Customer#000004127,658.27,103828.5592
2557,Customer#000002557,6758.02,103816.613
1349,Customer#000001349,4967.24,103566.7424
3475,Customer#000003475,1689.88,103502.1578
6785,Customer#000006785,4849.38,102902.9492
662,Customer#000000662,4517.33,102710.1922
5984,Customer#000005984,458.52,102613.6652
4897,Customer#000004897,9922.02,102591.342
3982,Customer#000003982,4097.81,102557.4864
1579,Customer#000001579,4763.17,102275.3642
5380,Customer#000005380,2991.38,102212.112
1798,Customer#000001798,6072.64,101988.9763
6127,Customer#000006127,7908.12,101957.0986
185,Customer#000000185,2788.76,101916.3408
3718,Customer#000003718,9270.16,101783.5468
2572,Customer#000002572,5742.22,101688.8318
3410,Customer#000003410,7191.67,101679.5146
430,Customer#000000430,7905.17,101617.4516
5905,Customer#000005905,8960.2,101610.5466
4477,Customer#000004477,5447.02,101518.167
1195,Customer#000001195,9621.49,101384.1536
2063,Customer#000002063,1814.88,101312.2609
1778,Customer#000001778,2772.31,101310.1264
545,Customer#000000545,7505.33,101121.04
6181,Customer#000006181,8630.17,101067.6136
821,Customer#000000821,2691.42,100777.012
4421,Customer#000004421,6323.51,100704.275
1157,Customer#000001157,6013.09,100671.7562
3751,Customer#000003751,3423.73,100554.5945
6418,Customer#000006418,4592.96,100405.36
3568,Customer#000003568,7177.32,100148.0448
5834,Customer#000005834,7292.07,100092.9284
478,Customer#000000478,-210.4,100007.7012
6316,Customer#000006316,6714.53,99789.352
5623,Customer#000005623,2259.1,99758.4743
6830,Customer#000006830,5679.21,99616.9128
6773,Customer#000006773,7232.34,99375.3994
3409,Customer#000003409,7741.84,99223.1756
6473,Customer#000006473,3728.77,99158.5692
1244,Customer#000001244,-942.8,98862.9628
4754,Customer#000004754,4524.21,98850.7263
4834,Customer#000004834,7306.7,98807.1133
860,Customer#000000860,6836.89,98659.2212
5243,Customer#000005243,9094.5,98629.5163
3088,Customer#000003088,70.24,98559.0269
1226,Customer#000001226,2135.92,98526.8138
1405,Customer#000001405,3987.39,98287.938
4369,Customer#000004369,34.62,98279.5936
3412,Customer#000003412,6295.61,98202.1344
4103,Customer#000004103,4073.02,98172.3012
3826,Customer#000003826,3995.15,97991.61
3511,Customer#000003511,2271.01,97553.8592
2497,Customer#000002497,2909.46,97532.1018
485,Customer#000000485,8695.45,97203.0606
2305,Customer#000002305,7492.03,96565.4264
1808,Customer#000001808,2776.3,96246.684
5566,Customer#000005566,323.56,96235.8036
3947,Customer#000003947,5554.82,96227.8816
1727,Customer#000001727,3628.03,96203.3206
931,Customer#000000931,2409.69,96161.8405
1900,Customer#000001900,-57.96,96083.5005
4007,Customer#000004007,4713.27,95668.766
3161,Customer#000003161,8215.99,95355.8691
3446,Customer#000003446,7986.25,95339.7436
6641,Customer#000006641,9799.19,94958.7588
4975,Customer#000004975,6638.83,94884.1854
2416,Customer#000002416,2990.58,94813.0402
4574,Customer#000004574,8971.9,94768.267
4642,Customer#000004642,7246.21,94643.6362
2732,Customer#000002732,5019.33,94605.7905
6388,Customer#000006388,9925.28,94513.6206
4915,Customer#000004915,4946.29,94444.08
3856,Customer#000003856,5798.15,94222.7363
5951,Customer#000005951,4559.43,94131.5424
6334,Customer#000006334,5795.61,93925.7633
3182,Customer#000003182,9742.44,93851.3132
6130,Customer#000006130,-555.94,93778.6554
4661,Customer#000004661,9576.81,93770.0402
2101,Customer#000002101,6902.62,93565.576
2614,Customer#000002614,663.38,93449.2828
3976,Customer#000003976,9351.6,93297.8209
3298,Customer#000003298,-446.72,93239.6168
6551,Customer#000006551,6066.94,93173.4164
5276,Customer#000005276,1630.27,93133.391
3925,Customer#000003925,4048.26,92979.0598
7435,Customer#000007435,4456.35,92927.782
3590,Customer#000003590,2069.83,92802.3428
5140,Customer#000005140,-959.54,92623.2148
1844,Customer#000001844,798.99,92502.3987
4141,Customer#000004141,8736.54,92069.9471
1462,Customer#000001462,7305.88,92069.5563
5419,Customer#000005419,453.34,91903.7864
14,Customer#000000014,5266.3,91653.412
5581,Customer#000005581,2351.69,91094.4936
7213,Customer#000007213,9186.42,91021.7655
5972,Customer#000005972,4089.22,90915.9628
1189,Customer#000001189,3798.28,90155.088
5663,Customer#000005663,8725.04,89885.4148
211,Customer#000000211,4198.72,89514.4743
7114,Customer#000007114,4804.86,89423.8108
502,Customer#000000502,1378.67,89390.7819
2383,Customer#000002383,2379.65,89384.3137
1345,Customer#000001345,8593.83,89062.5194
2818,Customer#000002818,1995.61,88953.3562
3313,Customer#000003313,2109.32,88869.5745
1256,Customer#000001256,5012.07,88350.012
3809,Customer#000003809,-943.71,88344.3526
2710,Customer#000002710,9151.65,88322.7516
775,Customer#000000775,1376.67,88051.191
5387,Customer#000005387,7994.64,87976.8532
898,Customer#000000898,8137.24,87967.725
5648,Customer#000005648,7310.42,87964.1478
3652,Customer#000003652,3317.84,87894.4632
4817,Customer#000004817,2716.38,87858.3054
2239,Customer#000002239,5638.77,87507.8903
6175,Customer#000006175,1065.86,87362.5728
7304,Customer#000007304,-217.73,87300.474
4660,Customer#000004660,8342.15,87202.4748
3695,Customer#000003695,1157.42,86861.6662
578,Customer#000000578,6181.23,86587.0925
5216,Customer#000005216,5700.67,86538.6642
4636,Customer#000004636,-458.81,86423.0176
4753,Customer#000004753,2910.9,86396.5314
5932,Customer#000005932,1572.8,86393.912
1786,Customer#000001786,-51.99,85732.345
7360,Customer#000007360,6563.75,85643.7408
3872,Customer#000003872,4326.71,85512.1078
6088,Customer#000006088,8895.3,84932.3928
7243,Customer#000007243,8555.44,84897.5233
7100,Customer#000007100,151.12,84483.5214
4019,Customer#000004019,6658.95,84454.134
4298,Customer#000004298,-832.79,84378.546
5200,Customer#000005200,8566.91,84066.1442
4649,Customer#000004649,2051.55,84037.1962
6245,Customer#000006245,3766.89,83968.1294
4885,Customer#000004885,185.68,83813.264
3907,Customer#000003907,3565.25,83338.8633
598,Customer#000000598,3244.78,83288.7366
2455,Customer#000002455,2070.99,82907.8304
2150,Customer#000002150,5725.37,82722.3012
661,Customer#000000661,1735.44,82677.5433
5752,Customer#000005752,-992.2,82594.425
166,Customer#000000166,2042.21,82421.1708
1354,Customer#000001354,-897.04,82333.5458
2471,Customer#000002471,9756.67,82154.3259
4246,Customer#000004246,2840.34,82085.8038
3946,Customer#000003946,5795.3,81978.8382
6635,Customer#000006635,6618.78,81690.975
1906,Customer#000001906,3448.1,81349.92
1078,Customer#000001078,70.93,81279.0192
3743,Customer#000003743,5034.11,81107.136
2240,Customer#000002240,3815.06,81092.6412
1298,Customer#000001298,3903.54,81055.728
2116,Customer#000002116,-355.24,80922.8442
955,Customer#000000955,138.31,80905.1522
1,Customer#000000001,711.56,80840.2396
6775,Customer#000006775,9781.7,80761.3848
4429,Customer#000004429,3918.78,80511.6392
3430,Customer#000003430,-631.28,80280.3849
5023,Customer#000005023,5863.83,80275.2224
2374,Customer#000002374,9060.07,80233.1289
2224,Customer#000002224,2521.46,79737.1851
707,Customer#000000707,2619.52,79668.0253
104,Customer#000000104,-588.38,79455.486
5233,Customer#000005233,-201.24,79365.2755
2435,Customer#000002435,2523.5,79305.8182
1634,Customer#000001634,4030.37,78989.7592
874,Customer#000000874,5391.74,78933.125
2950,Customer#000002950,2461.47,78808.795
328,Customer#000000328,6709.9,78725.2126
3544,Customer#000003544,3609.95,78567.76
4364,Customer#000004364,4838.21,78333.9114
6064,Customer#000006064,7335.4,78220.6978
421,Customer#000000421,7073.17,78042.3597
6320,Customer#000006320,937.2,78007.7822
1940,Customer#000001940,6310.63,77495.9616
5659,Customer#000005659,4705.1,77420.3265
3587,Customer#000003587,8022.16,77389.7293
1948,Customer#000001948,1704.12,76981.8907
4225,Customer#000004225,7111.92,76677.188
3673,Customer#000003673,4144.85,76455.84
3278,Customer#000003278,-72.97,76443.9964
4954,Customer#000004954,2629.5,76407.7634
868,Customer#000000868,7616.48,76302.1212
3004,Customer#000003004,4322.42,76161.32
7351,Customer#000007351,9100.21,76136.8896
350,Customer#000000350,19.31,75921.438
5806,Customer#000005806,4495.93,75892.5762
3167,Customer#000003167,2748.66,75840.7665
5044,Customer#000005044,2447.7,75831.763
4906,Customer#000004906,9054.76,75777.162
2288,Customer#000002288,924.19,75666.846
3500,Customer#000003500,4316.11,75529.902
1034,Customer#000001034,7349.82,75520.9291
470,Customer#000000470,3597.53,75501.2352
4846,Customer#000004846,6806.51,75462.8635
7453,Customer#000007453,7770.39,74824.5246
5054,Customer#000005054,3043.16,74644.0082
1492,Customer#000001492,-875.17,74631.8895
2773,Customer#000002773,3517.13,74526.0995
1636,Customer#000001636,3228.88,74265.4158
4460,Customer#000004460,-393.93,74153.6906
3295,Customer#000003295,314.52,73720.7679
3415,Customer#000003415,126.67,73640.672
5599,Customer#000005599,431.5,73538.9264
5005,Customer#000005005,1588.67,73537.8278
6961,Customer#000006961,2474.82,73501.0307
4564,Customer#000004564,4828.38,73471.1968
3383,Customer#000003383,9281.87,73292.941
2780,Customer#000002780,7721.91,73205.9824
7267,Customer#000007267,-503.29,73100.49
7478,Customer#000007478,4399.21,73072.378
6643,Customer#000006643,3109.73,72994.3824
5837,Customer#000005837,5195.89,72961.4276
6506,Customer#000006506,1146.56,72896.9613
2152,Customer#000002152,433.59,72817.6259
6931,Customer#000006931,1402.4,72611.771
3604,Customer#000003604,7672.87,72548.0592
4219,Customer#000004219,2248.92,72306.432
2345,Customer#000002345,9420.36,72256.0515
3367,Customer#000003367,-670.97,72157.2709
2752,Customer#000002752,6041.62,71892.14
3866,Customer#000003866,9552.1,71786.176
4813,Customer#000004813,511.93,71497.884
4222,Customer#000004222,8593.68,71476.86
5083,Customer#000005083,7189.89,71443.24
613,Customer#000000613,6679.75,70925.4417
536,Customer#000000536,3342.75,70819.4981
2767,Customer#000002767,8651.85,70802.3676
6248,Customer#000006248,8834.94,70729.1352
7487,Customer#000007487,449.72,70695.4996
6952,Customer#000006952,9600.3,70695.0116
5351,Customer#000005351,9787.74,70138.559
3133,Customer#000003133,1491.65,70048.7424
4799,Customer#000004799,9714.55,70041.4614
5329,Customer#000005329,8606.09,69956.3912
35,Customer#000000035,1228.24,69793.92
3215,Customer#000003215,9043.19,69788.37
952,Customer#000000952,3710.14,69776.401
5071,Customer#000005071,9119.81,69744.2394
1294,Customer#000001294,-808.13,69639.544
2029,Customer#000002029,4145.35,69446.8182
4325,Customer#000004325,7769.17,69439.799
3655,Customer#000003655,3722.87,69237.9115
7028,Customer#000007028,4268.32,69162.6432
7301,Customer#000007301,1527.01,68809.5592
3482,Customer#000003482,6234.24,68665.8834
3494,Customer#000003494,9432.46,68530.3395
2719,Customer#000002719,-730.48,68265.194
3553,Customer#000003553,9703.4,68201.199
4183,Customer#000004183,6350.04,68173.6168
4853,Customer#000004853,6145.07,68167.82
6284,Customer#000006284,1178.44,68068.1961
826,Customer#000000826,8938.14,68017.0438
1270,Customer#000001270,6170.06,67754.918
70,Customer#000000070,4867.52,67035.3284
25,Customer#000000025,7133.7,67021.0128
1718,Customer#000001718,8697.88,66967.272
5332,Customer#000005332,1619.75,66861.8556
6971,Customer#000006971,1906.06,66841.587
196,Customer#000000196,7760.33,66685.9476
2585,Customer#000002585,271.57,66505.09
5182,Customer#000005182,6952.58,66422.7348
6563,Customer#000006563,-250.8,66193.68
7375,Customer#000007375,92.75,66142.818
4672,Customer#000004672,6481.71,65326.6599
3986,Customer#000003986,-923.4,65286.6942
6376,Customer#000006376,3376.54,65158.8928
5185,Customer#000005185,6383.47,65157.0738
73,Customer#000000073,4288.5,65113.6944
5719,Customer#000005719,3718.31,65109.8792
5227,Customer#000005227,7392.8,65092.104
6458,Customer#000006458,5425.87,64946.8719
3545,Customer#000003545,5376.91,64764.1125
2464,Customer#000002464,5691.92,64752.9744
1486,Customer#000001486,5859.97,64559.0854
2657,Customer#000002657,7163.49,64548.3874
6598,Customer#000006598,8171.34,64387.8432
5551,Customer#000005551,5643.77,64267.013
4532,Customer#000004532,8425.53,63975.7624
3281,Customer#000003281,7584.11,63534.6182
2891,Customer#000002891,4894.47,63480.69
7424,Customer#000007424,1963.66,63364.2175
4907,Customer#000004907,7400.82,63091.9048
1775,Customer#000001775,3221.15,63062.5632
457,Customer#000000457,5867.61,62850.048
127,Customer#000000127,9280.71,62795.46
2518,Customer#000002518,2502.09,62692.3112
2537,Customer#000002537,9233.77,62017.4625
118,Customer#000000118,3582.37,61877.6235
3277,Customer#000003277,-775.45,61433.751
1204,Customer#000001204,9777.19,61014.1572
433,Customer#000000433,8746.23,60645.75
6863,Customer#000006863,6353.09,60505.287
869,Customer#000000869,1228.06,60137.5352
5929,Customer#000005929,3364.03,60054.5279
518,Customer#000000518,9871.66,59938.032
1909,Customer#000001909,1605.61,59856.4843
7385,Customer#000007385,3573.94,59790.928
50,Customer#000000050,4266.13,59769.7096
3706,Customer#000003706,2754.88,59759.955
293,Customer#000000293,-43.79,59711.7168
1874,Customer#000001874,3121.93,59666.8254
5756,Customer#000005756,8524.48,59627.1051
2948,Customer#000002948,4037.47,59515.8356
718,Customer#000000718,8438.4,59236.3413
3265,Customer#000003265,5267.35,59206.2937
5350,Customer#000005350,-202.84,58923.0522
3667,Customer#000003667,3047.53,58741.8376
5153,Customer#000005153,9280.44,58621.3822
6097,Customer#000006097,3963.9,58566.9337
7321,Customer#000007321,4010.78,58460.9871
5348,Customer#000005348,-86.67,58368.3951
3143,Customer#000003143,7725.92,58362.876
1963,Customer#000001963,680.33,58135.4661
1247,Customer#000001247,1696.95,57528.0288
6349,Customer#000006349,8319.51,57473.8312
305,Customer#000000305,4356.59,57205.6836
6992,Customer#000006992,6070.79,57160.0347
6710,Customer#000006710,8494.05,57110.8952
2120,Customer#000002120,6931.67,57096.866
1048,Customer#000001048,2583.91,57075.148
2009,Customer#000002009,9270.23,56852.5275
1915,Customer#000001915,7268.98,56843.4495
3379,Customer#000003379,2363.86,56824.5048
1328,Customer#000001328,3264.99,56556.28
5695,Customer#000005695,-100.04,56136.5364
2608,Customer#000002608,3414.72,56111.264
2428,Customer#000002428,5828.22,55902.8421
6841,Customer#000006841,2459.12,55753.6426
7096,Customer#000007096,1987.6,55686.5729
2705,Customer#000002705,8960.25,55595.267
4187,Customer#000004187,6333.29,55406.4388
4682,Customer#000004682,7906.49,55355.4432
6263,Customer#000006263,1314.66,55331.22
1421,Customer#000001421,7292.93,55153.8988
3238,Customer#000003238,1246.72,55144.6234
3619,Customer#000003619,1760.48,55139.7285
3335,Customer#000003335,1372.35,55082.9031
6092,Customer#000006092,9761.72,55052.352
3194,Customer#000003194,1694.75,54910.2855
7151,Customer#000007151,5030.25,54513.0098
1513,Customer#000001513,8434.13,54208.425
1609,Customer#000001609,1710.71,53915.6728
797,Customer#000000797,3063.11,53847.5136
5137,Customer#000005137,2563.13,53628.6164
4328,Customer#000004328,-494.54,53625.6917
2527,Customer#000002527,7013.55,53609.916
6238,Customer#000006238,1052.6,53477.5495
5849,Customer#000005849,5950.72,53053.6948
2390,Customer#000002390,9234.24,52836.8372
1615,Customer#000001615,1764.25,52423.659
5149,Customer#000005149,7347.54,52339.321
7159,Customer#000007159,-614.04,52315.626
6172,Customer#000006172,8749.91,52202.8912
2123,Customer#000002123,2274.17,52186.4556
965,Customer#000000965,4768.8,51999.5592
7495,Customer#000007495,5471.61,51670.4
5171,Customer#000005171,-302.68,51628.32
3322,Customer#000003322,9541.53,51524.1918
5707,Customer#000005707,7647.05,51393.9142
6890,Customer#000006890,9514.17,51382.3464
6205,Customer#000006205,8416.88,51376.7163
2287,Customer#000002287,4349.25,51231.4524
6727,Customer#000006727,7993.12,51002.2278
2683,Customer#000002683,4653.39,50977.6416
7154,Customer#000007154,9995.94,50711.6
2578,Customer#000002578,5529.92,50698.5888
6980,Customer#000006980,4710.25,50493.48
6116,Customer#000006116,7234.12,50440.2696
1174,Customer#000001174,8798.96,50111.46
4048,Customer#000004048,4149.18,49849.8187
4436,Customer#000004436,-607.88,49628.6001
4600,Customer#000004600,5145.6,49444.4606
1760,Customer#000001760,7775.38,49278.933
640,Customer#000000640,3025.84,49134.0825
5146,Customer#000005146,6303.84,49105.92
787,Customer#000000787,212.16,49035.3773
2066,Customer#000002066,9694.26,48966.54
3700,Customer#000003700,-553.58,48905.5985
6872,Customer#000006872,9852.24,48820.026
3727,Customer#000003727,9093.29,48317.778
4612,Customer#000004612,6960.45,47984.234
1876,Customer#000001876,90.46,47846.4168
7300,Customer#000007300,334.0,47717.6896
733,Customer#000000733,4351.09,47624.8164
5198,Customer#000005198,3791.08,47536.7983
3958,Customer#000003958,1204.09,47443.9028
7319,Customer#000007319,5206.85,47390.4828
608,Customer#000000608,2256.36,47287.5858
4787,Customer#000004787,2566.28,47225.7567
5363,Customer#000005363,-406.71,47182.8288
5312,Customer#000005312,4498.9,47128.2072
6031,Customer#000006031,6268.52,46903.1136
4136,Customer#000004136,2547.94,46698.0298
6937,Customer#000006937,8496.83,46620.144
3460,Customer#000003460,5039.68,46485.78
5116,Customer#000005116,-887.13,46255.9672
7369,Customer#000007369,6398.11,46117.9256
1738,Customer#000001738,2290.69,45953.726
1843,Customer#000001843,1821.61,45858.7142
173,Customer#000000173,845.84,45691.782
3563,Customer#000003563,-183.62,45610.492
3101,Customer#000003101,6398.44,45421.4994
4205,Customer#000004205,-934.03,45238.5135
3424,Customer#000003424,2928.7,45156.8844
5096,Customer#000005096,-320.27,44607.6256
4088,Customer#000004088,1480.12,44558.353
6164,Customer#000006164,6171.41,44483.6982
3949,Customer#000003949,4022.06,44045.822
4795,Customer#000004795,-152.26,43982.352
1085,Customer#000001085,5275.88,43742.9176
5432,Customer#000005432,3625.3,43544.254
4370,Customer#000004370,7734.47,43442.4926
6220,Customer#000006220,6694.27,43289.568
3851,Customer#000003851,8242.77,42888.6768
6485,Customer#000006485,5926.6,42699.5242
6331,Customer#000006331,3583.47,42647.4048
7121,Customer#000007121,2030.23,42496.7586
6760,Customer#000006760,6035.85,42435.0132
398,Customer#000000398,8865.61,42290.43
4615,Customer#000004615,158.5,41585.0014
5443,Customer#000005443,464.28,41516.928
7039,Customer#000007039,8770.52,41495.7816
5143,Customer#000005143,7392.78,41376.303
4108,Customer#000004108,5815.06,41094.7452
3479,Customer#000003479,2123.04,40995.0
2119,Customer#000002119,7815.78,40760.1012
700,Customer#000000700,4367.53,40549.896
5546,Customer#000005546,2487.85,40500.8436
6124,Customer#000006124,-383.24,40205.4438
4457,Customer#000004457,192.97,40123.856
1024,Customer#000001024,-425.09,39908.5674
3614,Customer#000003614,5426.12,39782.484
2546,Customer#000002546,7918.38,39585.6806
2081,Customer#000002081,6252.9,39084.254
5372,Customer#000005372,7815.08,39079.7488
4354,Customer#000004354,3985.46,39070.4748
1769,Customer#000001769,8457.18,38921.796
7448,Customer#000007448,3612.89,38914.6512
806,Customer#000000806,6859.28,38904.894
3448,Customer#000003448,-314.32,38896.3257
1136,Customer#000001136,-723.49,38823.612
400,Customer#000000400,-98.46,38640.0864
4462,Customer#000004462,2394.22,38046.204
5326,Customer#000005326,7600.71,37971.648
4199,Customer#000004199,4029.24,37669.7
6862,Customer#000006862,9323.04,37604.1096
5824,Customer#000005824,6105.6,37421.6832
1996,Customer#000001996,9379.16,37081.512
800,Customer#000000800,9443.39,37079.2422
5050,Customer#000005050,7532.58,37027.1268
2623,Customer#000002623,6697.5,36802.3872
2824,Customer#000002824,4639.93,36787.4394
6347,Customer#000006347,9804.85,36234.9855
3955,Customer#000003955,1829.34,36205.542
893,Customer#000000893,8250.87,36054.402
844,Customer#000000844,2954.9,35924.5887
4423,Customer#000004423,9109.44,35480.8896
5629,Customer#000005629,3757.71,35470.665
3838,Customer#000003838,4428.04,35355.584
1967,Customer#000001967,5250.63,35254.13
2617,Customer#000002617,2086.99,35234.4762
6737,Customer#000006737,6015.13,34892.1984
6224,Customer#000006224,9794.49,34688.8236
5339,Customer#000005339,305.07,34144.9152
6592,Customer#000006592,9860.4,34096.944
7084,Customer#000007084,-464.77,33956.439
2653,Customer#000002653,3640.91,33454.976
2236,Customer#000002236,-968.87,33405.4126
5086,Customer#000005086,-460.48,33345.036
6970,Customer#000006970,8208.18,33298.278
4841,Customer#000004841,3784.85,33047.6025
3764,Customer#000003764,564.83,32985.3395
6070,Customer#000006070,7430.4,32912.4708
5554,Customer#000005554,6193.73,32723.1081
5164,Customer#000005164,5117.77,32629.4182
49,Customer#000000049,4573.94,32383.5435
443,Customer#000000443,3726.22,32147.248
1000,Customer#000001000,-881.7,31980.465
5488,Customer#000005488,247.71,31898.1168
6386,Customer#000006386,1252.97,31762.908
7258,Customer#000007258,-742.75,31303.6636
253,Customer#000000253,9139.52,31149.5568
5365,Customer#000005365,4863.65,31031.6184
7091,Customer#000007091,9417.62,30930.9215
148,Customer#000000148,2135.6,30828.1536
4111,Customer#000004111,-749.46,30792.9366
2711,Customer#000002711,7803.21,30743.0163
6899,Customer#000006899,-909.78,30589.8936
4888,Customer#000004888,455.36,30425.1237
2369,Customer#000002369,6323.82,30423.9876
4988,Customer#000004988,6344.9,30059.235
6875,Customer#000006875,28.31,29878.231
571,Customer#000000571,8993.23,29744.3328
6605,Customer#000006605,2748.15,29030.1952
490,Customer#000000490,-213.85,28926.7049
4351,Customer#000004351,9376.95,28513.0435
269,Customer#000000269,7667.35,28353.5632
4438,Customer#000004438,722.08,28323.5892
3340,Customer#000003340,7139.8,28310.8242
3527,Customer#000003527,3461.56,28075.1616
6515,Customer#000006515,6121.09,27747.7472
5263,Customer#000005263,1250.24,27342.1563
6722,Customer#000006722,8919.68,27225.9504
202,Customer#000000202,2237.64,27097.98
5062,Customer#000005062,2847.41,26937.336
3151,Customer#000003151,8927.63,26846.4254
2017,Customer#000002017,9454.7,26552.592
6379,Customer#000006379,4057.27,26142.9132
6646,Customer#000006646,2206.85,26042.7494
5744,Customer#000005744,630.74,25505.136
5609,Customer#000005609,1603.73,25386.0408
4499,Customer#000004499,4850.92,25369.1712
5375,Customer#000005375,1879.66,25331.579
7466,Customer#000007466,-641.95,25144.35
1276,Customer#000001276,-761.7,24863.2882
4381,Customer#000004381,2542.55,24676.5825
1279,Customer#000001279,7915.06,24506.4342
6586,Customer#000006586,9955.66,24193.0125
994,Customer#000000994,7461.27,24143.4484
1262,Customer#000001262,2840.36,24006.8192
1840,Customer#000001840,6879.93,23837.5055
463,Customer#000000463,-654.5,23460.7626
3037,Customer#000003037,6998.64,23439.7996
6244,Customer#000006244,6385.54,23312.1408
1283,Customer#000001283,2222.71,23045.841
304,Customer#000000304,9217.55,22744.9035
4718,Customer#000004718,1825.45,22310.4816
3013,Customer#000003013,5327.41,22194.998
5915,Customer#000005915,4931.32,22045.6978
7400,Customer#000007400,5841.25,21818.7648
3455,Customer#000003455,6147.05,21717.198
6815,Customer#000006815,8623.37,21605.358
2398,Customer#000002398,4127.48,21397.914
2854,Customer#000002854,8167.56,21173.175
5740,Customer#000005740,421.64,20578.32
3688,Customer#000003688,9799.67,20489.256
2026,Customer#000002026,5134.68,19694.07
5416,Customer#000005416,-224.07,19686.528
4619,Customer#000004619,2808.8,19641.4864
4705,Customer#000004705,8593.93,19478.7
2695,Customer#000002695,2011.91,19398.5356
1576,Customer#000001576,1006.44,19149.0596
1415,Customer#000001415,6252.12,18638.345
2329,Customer#000002329,4361.68,18191.5006
4714,Customer#000004714,7153.58,18056.3195
923,Customer#000000923,7462.2,17894.016
2932,Customer#000002932,2411.88,17803.152
4072,Customer#000004072,4139.46,17729.9068
6260,Customer#000006260,405.59,15841.7316
7312,Customer#000007312,-201.48,15557.4732
754,Customer#000000754,-566.86,15264.599
4169,Customer#000004169,6678.24,15192.2616
1202,Customer#000001202,702.73,14708.8788
469,Customer#000000469,6343.64,14559.8067
1129,Customer#000001129,6020.02,14549.73
4529,Customer#000004529,2558.94,14124.441
7063,Customer#000007063,9096.21,14080.1856
2264,Customer#000002264,120.44,13121.836
1258,Customer#000001258,-301.75,12411.4368
563,Customer#000000563,3231.71,12163.515
2314,Customer#000002314,1295.63,12107.5864
4895,Customer#000004895,2495.81,12033.504
6443,Customer#000006443,1478.34,11671.6488
7058,Customer#000007058,6276.55,11493.9762
2975,Customer#000002975,5146.68,11393.928
6686,Customer#000006686,5959.97,10905.4242
7078,Customer#000007078,2133.9,10571.28
4634,Customer#000004634,1304.79,10568.2752
2417,Customer#000002417,1595.38,10218.88
1997,Customer#000001997,3610.05,10021.5468
241,Customer#000000241,6569.34,9959.4504
7429,Customer#000007429,2008.42,9666.4
3272,Customer#000003272,476.93,9321.9
2443,Customer#000002443,394.19,9175.392
5617,Customer#000005617,3815.68,8942.913
1837,Customer#000001837,-886.94,8936.837
2137,Customer#000002137,1175.13,8922.9635
3433,Customer#000003433,9847.15,8726.624
6016,Customer#000006016,8103.98,8545.28
1688,Customer#000001688,3929.06,8511.174
6754,Customer#000006754,5143.81,8468.95
4537,Customer#000004537,1412.41,7217.7228
4963,Customer#000004963,4131.22,6802.1889
3296,Customer#000003296,4088.54,6659.982
2716,Customer#000002716,3463.04,6622.3768
2422,Customer#000002422,9504.04,6457.3875
5825,Customer#000005825,6899.81,5931.2202
6502,Customer#000006502,8710.5,5822.064
1036,Customer#000001036,1766.23,5612.448
4849,Customer#000004849,9195.39,5495.832
4747,Customer#000004747,8841.36,5206.3074
1577,Customer#000001577,6204.0,5198.6628
6148,Customer#000006148,5246.25,5074.2055
6211,Customer#000006211,5045.01,4945.058
1169,Customer#000001169,7503.3,4872.09
310,Customer#000000310,3186.57,4450.2825
853,Customer#000000853,-444.73,4079.628
6887,Customer#000006887,7280.37,3390.66
847,Customer#000000847,4822.08,2898.6219
7150,Customer#000007150,2247.28,2697.8812
1459,Customer#000001459,9270.88,1864.0384
622,Customer#000000622,5974.11,1681.6864
7178,Customer#000007178,1988.04,1632.7584
4273,Customer#000004273,-342.64,1534.3392
6275,Customer#000006275,187.26,1372.065
649,Customer#000000649,9442.55,1244.7765
6535,Customer#000006535,2786.57,1185.114
6287,Customer#000006287,-296.05,1032.4332
